NAME	TOOL_GROUP	BAY	WIDTH	HEIGHT	POSITION_X	POSITION_Y
COMMIT1	COMMIT	InterBay1	2090,688	2090,688	4960,629921	-4544,005102
COMMIT2	COMMIT	InterBay1	2090,688	2090,688	292322,8346	-4544,005102
COMMIT3	COMMIT	InterBay3	2090,688	2090,688	8031,496063	146210,1403
COMMIT4	COMMIT	InterBay3	2090,688	2090,688	295393,7008	146210,1403
COMPLETE1	COMPLETE	InterBay1	2090,688	2090,688	8031,496063	-4544,005102
COMPLETE2	COMPLETE	InterBay1	2090,688	2090,688	295393,7008	-4544,005102
COMPLETE3	COMPLETE	InterBay3	2090,688	2090,688	4960,629921	146210,1403
COMPLETE4	COMPLETE	InterBay3	2090,688	2090,688	292322,8346	146210,1403
DIE0101	Dielectric_BE_20	A16	2482,66825	2613,335	238371,6333	77291,71596
DIE0102	Dielectric_BE_20	A17	2482,66825	2613,335	243449,1159	78886,10371
DIE0103	Dielectric_BE_20	A17	2482,66825	2613,335	243449,1159	82011,10571
DIE0104	Dielectric_BE_20	A17	2482,66825	2613,335	243449,1159	87708,38927
DIE0105	Dielectric_BE_20	A17	2482,66825	2613,335	243449,1159	90208,39086
DIE0106	Dielectric_BE_20	A17	2482,66825	2613,335	243449,1159	92708,39246
DIE0107	Dielectric_BE_21	A17	2482,66825	2613,335	243449,1159	95208,39405
DIE0108	Dielectric_BE_21	A17	2482,66825	2613,335	243449,1159	101250,0646
DIE0109	Dielectric_BE_21	A17	2482,66825	2613,335	243449,1159	104375,0666
DIE0110	Dielectric_BE_21	A17	2482,66825	2613,335	243449,1159	107500,0686
DIE0111	Dielectric_BE_21	A17	2482,66825	2613,335	243449,1159	110625,0706
DIE0112	Dielectric_BE_21	A17	2482,66825	2613,335	243449,1159	115625,0737
DIE0113	Dielectric_BE_21	A17	2482,66825	2613,335	243449,1159	118750,0757
DIE0114	Dielectric_BE_21	A17	2482,66825	2613,335	243449,1159	121875,0777
DIE0115	Dielectric_BE_27	A17	2482,66825	2613,335	243449,1159	128125,0817
DIE0116	Dielectric_BE_27	A17	2482,66825	2613,335	243449,1159	130625,0833
DIE0117	Dielectric_BE_27	A17	2482,66825	2613,335	243449,1159	133125,0849
DIE0118	Dielectric_BE_27	A17	2482,66825	3658,669	253496,0515	133125,0849
DIE0119	Dielectric_BE_27	A17	2482,66825	3658,669	253496,0515	130000,0829
DIE0120	Dielectric_BE_27	A17	2482,66825	3658,669	253496,0515	122708,4116
DIE0121	Dielectric_BE_27	A17	2482,66825	2613,335	253496,0515	120208,41
DIE0122	Dielectric_BE_27	A17	2482,66825	2613,335	253496,0515	117708,4084
DIE0123	Dielectric_BE_27	A17	2482,66825	2613,335	253496,0515	115208,4068
DIE0124	Dielectric_BE_27	A17	2482,66825	2613,335	253496,0515	110000,0702
DIE0125	Dielectric_BE_27	A17	2482,66825	2613,335	253496,0515	107500,0686
DIE0126	Dielectric_BE_27	A17	2482,66825	2613,335	253496,0515	105000,067
DIE0127	Dielectric_BE_27	A17	2482,66825	2613,335	253496,0515	102500,0654
DIE0128	Dielectric_BE_27	A17	2482,66825	2613,335	253496,0515	100000,0638
DIE0129	Dielectric_BE_27	A17	2482,66825	2613,335	253496,0515	93333,39286
DIE0130	Dielectric_BE_28	A17	2482,66825	2613,335	253496,0515	88333,38967
DIE0131	Dielectric_BE_28	A17	2482,66825	2613,335	253496,0515	78750,05022
DIE0132	Dielectric_BE_28	A18	2482,66825	2613,335	258573,534	78886,10371
DIE0133	Dielectric_BE_28	A18	2482,66825	2613,335	258573,534	82011,10571
DIE0134	Dielectric_BE_60	A18	2482,66825	2613,335	258573,534	87708,38927
DIE0135	Dielectric_BE_60	A18	2482,66825	2613,335	258573,534	90208,39086
DIE0136	Dielectric_BE_60	A18	2482,66825	2613,335	258573,534	92708,39246
DIE0137	Dielectric_BE_60	A18	2482,66825	2613,335	258573,534	95208,39405
DIE0138	Dielectric_BE_60	A18	2482,66825	2613,335	258573,534	101250,0646
DIE0139	Dielectric_BE_60	A18	2482,66825	2613,335	258573,534	104375,0666
DIE0140	Dielectric_BE_60	A18	2482,66825	2613,335	258573,534	107500,0686
DIE0141	Dielectric_FE_112	A18	2482,66825	2613,335	258573,534	110625,0706
DIE0142	Dielectric_FE_112	A18	2482,66825	2613,335	258573,534	115625,0737
DIE0143	Dielectric_FE_112	A18	2482,66825	2613,335	258573,534	118750,0757
DIE0144	Dielectric_FE_112	A18	2482,66825	2613,335	258573,534	121875,0777
DIE0145	Dielectric_FE_112	A18	2482,66825	2613,335	258573,534	128125,0817
DIE0146	Dielectric_FE_112	A18	2482,66825	2613,335	258573,534	130625,0833
DIE0147	Dielectric_FE_112	A18	2482,66825	2613,335	258573,534	133125,0849
DIE0148	Dielectric_FE_112	A18	2482,66825	3658,669	268620,4695	133125,0849
DIE0149	Dielectric_FE_112	A18	2482,66825	3658,669	268620,4695	130000,0829
DIE0150	Dielectric_FE_112	A18	2482,66825	3658,669	268620,4695	122708,4116
DIE0151	Dielectric_FE_112	A18	2482,66825	2613,335	268620,4695	120208,41
DIE0152	Dielectric_FE_130	A18	2482,66825	2613,335	268620,4695	117708,4084
DIE0153	Dielectric_FE_130	A18	2482,66825	2613,335	268620,4695	115208,4068
DIE0154	Dielectric_FE_130	A18	2482,66825	2613,335	268620,4695	110000,0702
DIE0155	Dielectric_FE_130	A18	2482,66825	2613,335	268620,4695	107500,0686
DIE0156	Dielectric_FE_130	A18	2482,66825	2613,335	268620,4695	105000,067
DIE0157	Dielectric_FE_29	A18	2482,66825	2613,335	268620,4695	102500,0654
DIE0158	Dielectric_FE_29	A18	2482,66825	2613,335	268620,4695	100000,0638
DIE0159	Dielectric_FE_29	A18	2482,66825	2613,335	268620,4695	93333,39286
DIE0160	Dielectric_FE_29	A18	2482,66825	2613,335	268620,4695	88333,38967
DIE0161	Dielectric_FE_30	A18	2482,66825	2613,335	268620,4695	78750,05022
DIE0162	Dielectric_FE_30	A19	2482,66825	2090,668	273697,9521	78677,77025
DIE0163	Dielectric_FE_31	A19	2482,66825	2090,668	273697,9521	80761,10491
DIE0164	Dielectric_FE_31	A19	2482,66825	2090,668	273697,9521	82844,43957
DIE0165	Dielectric_FE_31	A19	2482,66825	2090,668	273697,9521	87500,0558
DIE0166	Dielectric_FE_31	A19	2482,66825	2090,668	273697,9521	89583,39047
DIE0167	Dielectric_FE_31	A19	2482,66825	2090,668	273697,9521	91666,72513
DIF0101	Diffusion_BE_123	A19	2482,66825	2090,668	273697,9521	93750,05979
DIF0102	Diffusion_BE_123	A19	2482,66825	2090,668	273697,9521	100000,0638
DIF0103	Diffusion_BE_123	A19	2482,66825	2090,668	273697,9521	102083,3984
DIF0104	Diffusion_BE_123	A19	2482,66825	2090,668	273697,9521	104166,7331
DIF0105	Diffusion_BE_123	A19	2482,66825	2090,668	273697,9521	106250,0678
DIF0106	Diffusion_BE_123	A19	2482,66825	2090,668	273697,9521	108333,4024
DIF0107	Diffusion_BE_123	A19	2482,66825	2090,668	273697,9521	110416,7371
DIF0108	Diffusion_BE_123	A19	2482,66825	2090,668	273697,9521	115416,7403
DIF0109	Diffusion_BE_123	A19	2482,66825	2090,668	273697,9521	117500,0749
DIF0110	Diffusion_FE_100	A19	2482,66825	2090,668	273697,9521	119583,4096
DIF0111	Diffusion_FE_100	A19	2482,66825	2090,668	273697,9521	121666,7443
DIF0112	Diffusion_FE_100	A19	2482,66825	2090,668	273697,9521	127916,7482
DIF0113	Diffusion_FE_100	A19	2482,66825	2090,668	273697,9521	130000,0829
DIF0114	Diffusion_FE_101	A19	2482,66825	2090,668	273697,9521	132083,4176
DIF0115	Diffusion_FE_101	A19	2482,66825	2090,668	283744,8876	133333,4184
DIF0116	Diffusion_FE_101	A19	2482,66825	2090,668	283744,8876	131250,0837
DIF0117	Diffusion_FE_101	A19	2482,66825	2090,668	283744,8876	129166,749
DIF0118	Diffusion_FE_101	A19	2482,66825	2090,668	283744,8876	122916,7451
DIF0119	Diffusion_FE_101	A19	2482,66825	2090,668	283744,8876	120833,4104
DIF0120	Diffusion_FE_101	A19	2482,66825	2090,668	283744,8876	118750,0757
DIF0121	Diffusion_FE_101	A19	2482,66825	2090,668	283744,8876	116666,7411
DIF0122	Diffusion_FE_101	A19	2482,66825	2090,668	283744,8876	110416,7371
DIF0123	Diffusion_FE_101	A19	2482,66825	2090,668	283744,8876	108333,4024
DIF0124	Diffusion_FE_120	A19	2482,66825	2090,668	283744,8876	106250,0678
DIF0125	Diffusion_FE_120	A19	2482,66825	2090,668	283744,8876	104166,7331
DIF0126	Diffusion_FE_120	A19	2482,66825	2090,668	283744,8876	102083,3984
DIF0127	Diffusion_FE_120	A19	2482,66825	2090,668	283744,8876	100000,0638
DIF0128	Diffusion_FE_120	A19	2482,66825	2090,668	283744,8876	95000,06059
DIF0129	Diffusion_FE_120	A19	2482,66825	2090,668	283744,8876	92916,72592
DIF0130	Diffusion_FE_120	A19	2482,66825	2090,668	283744,8876	90833,39126
DIF0131	Diffusion_FE_120	A19	2482,66825	2090,668	283744,8876	88750,0566
DIF0132	Diffusion_FE_122	A19	2482,66825	2090,668	283744,8876	82500,05261
DIF0133	Diffusion_FE_122	A19	2482,66825	2090,668	283744,8876	80416,71795
DIF0134	Diffusion_FE_122	A19	2482,66825	2090,668	283744,8876	78333,38329
DIF0135	Diffusion_FE_122	A20	2482,66825	2090,668	288822,3703	78677,77025
DIF0136	Diffusion_FE_122	A20	2482,66825	2090,668	288822,3703	80761,10491
DIF0137	Diffusion_FE_122	A20	2482,66825	2090,668	288822,3703	82844,43957
DIF0138	Diffusion_FE_125	A20	2482,66825	2090,668	288822,3703	87500,0558
DIF0139	Diffusion_FE_125	A20	2482,66825	2090,668	288822,3703	89583,39047
DIF0140	Diffusion_FE_125	A20	2482,66825	2090,668	288822,3703	91666,72513
DIF0141	Diffusion_FE_125	A20	2482,66825	2090,668	288822,3703	93750,05979
DIF0142	Diffusion_FE_125	A20	2482,66825	2090,668	288822,3703	100000,0638
DIF0143	Diffusion_FE_126	A20	2482,66825	2090,668	288822,3703	102083,3984
DIF0144	Diffusion_FE_126	A20	2482,66825	2090,668	288822,3703	104166,7331
DIF0145	Diffusion_FE_126	A20	2482,66825	2090,668	288822,3703	106250,0678
DIF0146	Diffusion_FE_126	A20	2482,66825	2090,668	288822,3703	108333,4024
DIF0147	Diffusion_FE_127	A20	2482,66825	2090,668	288822,3703	110416,7371
DIF0148	Diffusion_FE_127	A20	2482,66825	2090,668	288822,3703	115416,7403
DIF0149	Diffusion_FE_127	A20	2482,66825	2090,668	288822,3703	117500,0749
DIF0150	Diffusion_FE_127	A20	2482,66825	2090,668	288822,3703	119583,4096
DIF0151	Diffusion_FE_127	A20	2482,66825	2090,668	288822,3703	121666,7443
DIF0152	Diffusion_FE_127	A20	2482,66825	2090,668	288822,3703	127916,7482
DIF0153	Diffusion_FE_127	A20	2482,66825	2090,668	288822,3703	130000,0829
DIF0154	Diffusion_FE_127	A20	2482,66825	2090,668	288822,3703	132083,4176
DIF0155	Diffusion_FE_44	A20	2482,66825	2090,668	298869,3058	133333,4184
DIF0156	Diffusion_FE_44	A20	2482,66825	2090,668	298869,3058	131250,0837
DIF0157	Diffusion_FE_44	A20	2482,66825	2090,668	298869,3058	129166,749
DIF0158	Diffusion_FE_44	A20	2482,66825	2090,668	298869,3058	122916,7451
DIF0159	Diffusion_FE_44	A20	2482,66825	2090,668	298869,3058	120833,4104
DIF0160	Diffusion_FE_44	A20	2482,66825	2090,668	298869,3058	118750,0757
DIF0161	Diffusion_FE_44	A20	2482,66825	2090,668	298869,3058	116666,7411
DIF0162	Diffusion_FE_94	A20	2482,66825	2090,668	298869,3058	110416,7371
DIF0163	Diffusion_FE_94	A20	2482,66825	2090,668	298869,3058	108333,4024
DIF0164	Diffusion_FE_94	A20	2482,66825	2090,668	298869,3058	106250,0678
DIF0165	Diffusion_FE_94	A20	2482,66825	2090,668	298869,3058	104166,7331
DIF0166	Diffusion_FE_94	A20	2482,66825	2090,668	298869,3058	102083,3984
DIF0167	Diffusion_FE_94	A20	2482,66825	2090,668	298869,3058	100000,0638
DIF0168	Diffusion_FE_94	A20	2482,66825	2090,668	298869,3058	95000,06059
DIF0169	Diffusion_FE_94	A20	2482,66825	2090,668	298869,3058	92916,72592
DIF0170	Diffusion_FE_94	A20	2482,66825	2090,668	298869,3058	90833,39126
DIF0171	Diffusion_FE_94	A20	2482,66825	2090,668	298869,3058	88750,0566
DIF0172	Diffusion_FE_94	A20	2482,66825	2090,668	298869,3058	82500,05261
DIF0173	Diffusion_FE_94	A20	2482,66825	2090,668	298869,3058	80416,71795
DIF0174	Diffusion_FE_94	A20	2482,66825	2090,668	298869,3058	78333,38329
DIF0175	Diffusion_FE_94	B19	2482,66825	2090,668	273697,9521	63125,04026
ECH0101	DE_BE_11	A1	2482,66825	3920,0025	1458,426128	78609,7435
ECH0102	DE_BE_11	A1	2482,66825	3920,0025	1458,426128	81354,21859
ECH0103	DE_BE_11	A1	2482,66825	3920,0025	1458,426128	88229,22298
ECH0104	DE_BE_11	A1	2482,66825	3920,0025	1458,426128	91770,8919
ECH0105	DE_BE_11	A1	2482,66825	3136,002	1458,426128	95000,06059
ECH0106	DE_BE_11	A1	2482,66825	3920,0025	1458,426128	100729,2309
ECH0107	DE_BE_11	A1	2482,66825	3920,0025	1458,426128	104270,8999
ECH0108	DE_BE_11	A1	2482,66825	3920,0025	1458,426128	107812,5688
ECH0109	DE_BE_11	A1	2482,66825	3920,0025	1458,426128	116145,9074
ECH0110	DE_BE_11	A1	2482,66825	3920,0025	1458,426128	119687,5764
ECH0111	DE_BE_11	A1	2482,66825	2613,335	1458,426128	128125,0817
ECH0112	DE_BE_11	A1	2482,66825	2613,335	1458,426128	132291,751
ECH0113	DE_BE_12	A1	2482,66825	2613,335	11505,36167	132083,4176
ECH0114	DE_BE_12	A1	2482,66825	2613,335	11505,36167	128958,4156
ECH0115	DE_BE_12	A1	2482,66825	2613,335	11505,36167	121666,7443
ECH0116	DE_BE_12	A1	2482,66825	2613,335	11505,36167	118541,7423
ECH0117	DE_BE_12	A1	2482,66825	2613,335	11505,36167	115416,7403
ECH0118	DE_BE_12	A1	2482,66825	2613,335	11505,36167	109166,7363
ECH0119	DE_BE_12	A1	2482,66825	2613,335	11505,36167	105000,067
ECH0120	DE_BE_12	A1	2482,66825	2613,335	11505,36167	100833,3976
ECH0121	DE_BE_12	A1	2482,66825	4181,336	11505,36167	92083,39206
ECH0122	DE_BE_13	A1	2482,66825	4181,336	11505,36167	79583,38409
ECH0123	DE_BE_13	A2	2482,66825	3920,0025	16582,84423	78609,7435
ECH0124	DE_BE_13	A2	2482,66825	3920,0025	16582,84423	81354,21859
ECH0125	DE_BE_13	A2	2482,66825	3920,0025	16582,84423	88229,22298
ECH0126	DE_BE_13	A2	2482,66825	3920,0025	16582,84423	91770,8919
ECH0127	DE_BE_13	A2	2482,66825	3136,002	16582,84423	95000,06059
ECH0128	DE_BE_13	A2	2482,66825	3136,002	16582,84423	100416,7307
ECH0129	DE_BE_13	A2	2482,66825	3136,002	16582,84423	104375,0666
ECH0130	DE_BE_13	A2	2482,66825	3136,002	16582,84423	108333,4024
ECH0131	DE_BE_13	A2	2482,66825	3136,002	16582,84423	116875,0745
ECH0132	DE_BE_13	A2	2482,66825	3136,002	16582,84423	121041,7439
ECH0133	DE_BE_13	A2	2482,66825	3136,002	16582,84423	129375,0825
ECH0134	DE_BE_13	A2	2482,66825	3136,002	16582,84423	133125,0849
ECH0135	DE_BE_13	A2	2482,66825	3136,002	26629,77978	131875,0841
ECH0136	DE_BE_13	A2	2482,66825	3136,002	26629,77978	128958,4156
ECH0137	DE_BE_13	A2	2482,66825	3136,002	26629,77978	122500,0781
ECH0138	DE_BE_48	A2	2482,66825	3136,002	26629,77978	119583,4096
ECH0139	DE_BE_48	A2	2482,66825	3136,002	26629,77978	116666,7411
ECH0140	DE_BE_48	A2	2482,66825	3136,002	26629,77978	110000,0702
ECH0141	DE_BE_48	A2	2482,66825	3136,002	26629,77978	106666,7347
ECH0142	DE_BE_48	A2	2482,66825	3136,002	26629,77978	103333,3992
ECH0143	DE_BE_48	A2	2482,66825	3136,002	26629,77978	100000,0638
ECH0144	DE_BE_48	A2	2482,66825	3658,669	26629,77978	91250,0582
ECH0145	DE_BE_48	A2	2482,66825	3136,002	26629,77978	81041,71835
ECH0146	DE_BE_48	A2	2482,66825	3136,002	26629,77978	77291,71596
ECH0147	DE_BE_48	A3	2482,66825	3920,0025	31707,26235	78609,7435
ECH0148	DE_BE_48	A3	2482,66825	3920,0025	31707,26235	81354,21859
ECH0149	DE_BE_48	A3	2482,66825	3920,0025	31707,26235	88229,22298
ECH0150	DE_BE_48	A3	2482,66825	3920,0025	31707,26235	93020,8927
ECH0151	DE_BE_48	A3	2482,66825	3136,002	31707,26235	101458,398
ECH0152	DE_BE_50	A3	2482,66825	3136,002	31707,26235	105208,4004
ECH0153	DE_BE_50	A3	2482,66825	3136,002	31707,26235	108958,4028
ECH0154	DE_BE_50	A3	2482,66825	3136,002	31707,26235	116875,0745
ECH0155	DE_BE_50	A3	2482,66825	3136,002	31707,26235	121041,7439
ECH0156	DE_BE_50	A3	2482,66825	3136,002	31707,26235	129375,0825
ECH0157	DE_BE_50	A3	2482,66825	3136,002	31707,26235	132291,751
ECH0158	DE_BE_50	A3	2482,66825	3136,002	41754,19789	131875,0841
ECH0159	DE_BE_50	A3	2482,66825	3136,002	41754,19789	128958,4156
ECH0160	DE_BE_50	A3	2482,66825	3136,002	41754,19789	121458,4108
ECH0161	DE_BE_50	A3	2482,66825	3136,002	41754,19789	118541,7423
ECH0162	DE_BE_50	A3	2482,66825	3136,002	41754,19789	115625,0737
ECH0163	DE_BE_50	A3	2482,66825	3136,002	41754,19789	109375,0698
ECH0164	DE_BE_65	A3	2482,66825	3136,002	41754,19789	106458,4012
ECH0165	DE_BE_65	A3	2482,66825	3136,002	41754,19789	103541,7327
ECH0166	DE_BE_65	A3	2482,66825	3136,002	41754,19789	100625,0642
ECH0167	DE_BE_65	A3	2482,66825	3136,002	41754,19789	93541,72632
ECH0168	DE_BE_65	A3	2482,66825	3136,002	41754,19789	89375,057
ECH0169	DE_BE_65	A3	2482,66825	3136,002	41754,19789	81041,71835
ECH0170	DE_BE_65	A3	2482,66825	3136,002	41754,19789	77291,71596
ECH0171	DE_BE_65	A4	2482,66825	3920,0025	46831,68046	79895,88433
ECH0172	DE_BE_65	A4	2482,66825	3920,0025	46831,68046	88229,22298
ECH0173	DE_BE_65	A4	2482,66825	3920,0025	46831,68046	91770,8919
ECH0174	DE_BE_65	A4	2482,66825	3136,002	46831,68046	95000,06059
ECH0175	DE_BE_65	A4	2482,66825	3136,002	46831,68046	101458,398
ECH0176	DE_BE_65	A4	2482,66825	3136,002	46831,68046	104791,7335
ECH0177	DE_BE_66	A4	2482,66825	3136,002	46831,68046	108125,069
ECH0178	DE_BE_66	A4	2482,66825	3136,002	46831,68046	116875,0745
ECH0179	DE_BE_66	A4	2482,66825	3136,002	46831,68046	121041,7439
ECH0180	DE_BE_66	A4	2482,66825	3136,002	46831,68046	129375,0825
ECH0181	DE_BE_66	A4	2482,66825	3136,002	46831,68046	133125,0849
ECH0182	DE_BE_66	A4	2482,66825	3136,002	56878,616	131875,0841
ECH0183	DE_BE_66	A4	2482,66825	3136,002	56878,616	128125,0817
ECH0184	DE_BE_66	A4	2482,66825	3136,002	56878,616	122500,0781
ECH0185	DE_BE_66	A4	2482,66825	3136,002	56878,616	119583,4096
ECH0186	DE_BE_66	A4	2482,66825	3136,002	56878,616	116666,7411
ECH0187	DE_BE_66	A4	2482,66825	3136,002	56878,616	108958,4028
ECH0188	DE_BE_66	A4	2482,66825	3136,002	56878,616	104791,7335
ECH0189	DE_BE_66	A4	2482,66825	3136,002	56878,616	100625,0642
ECH0190	DE_BE_66	A4	2482,66825	3136,002	56878,616	94583,39365
ECH0191	DE_BE_66	A4	2482,66825	3136,002	56878,616	91250,0582
ECH0192	DE_BE_66	A4	2482,66825	3136,002	56878,616	87916,72274
ECH0193	DE_BE_66	A4	2482,66825	3136,002	56878,616	81041,71835
ECH0194	DE_BE_66	A4	2482,66825	3136,002	56878,616	77291,71596
ECH0195	DE_BE_66	A5	2482,66825	3920,0025	61956,09856	79895,88433
ECH0196	DE_BE_66	A5	2482,66825	3920,0025	61956,09856	89270,89031
ECH0197	DE_BE_66	A5	2482,66825	3920,0025	61956,09856	93437,55963
ECH0198	DE_BE_67	A5	2482,66825	3920,0025	61956,09856	105937,5676
ECH0199	DE_BE_67	A5	2482,66825	3136,002	61956,09856	115833,4072
ECH0200	DE_BE_67	A5	2482,66825	3136,002	61956,09856	118750,0757
ECH0201	DE_BE_67	A5	2482,66825	3136,002	61956,09856	121666,7443
ECH0202	DE_BE_67	A5	2482,66825	3136,002	61956,09856	128333,4152
ECH0203	DE_BE_67	A5	2482,66825	3136,002	61956,09856	131250,0837
ECH0204	DE_BE_67	A5	2482,66825	3136,002	72003,03411	132916,7514
ECH0205	DE_BE_67	A5	2482,66825	3136,002	72003,03411	130000,0829
ECH0206	DE_BE_67	A5	2482,66825	3136,002	72003,03411	122500,0781
ECH0207	DE_BE_67	A5	2482,66825	3136,002	72003,03411	119583,4096
ECH0208	DE_BE_67	A5	2482,66825	3136,002	72003,03411	116666,7411
ECH0209	DE_BE_67	A5	2482,66825	3136,002	72003,03411	110000,0702
ECH0210	DE_BE_67	A5	2482,66825	3136,002	72003,03411	107083,4016
ECH0211	DE_BE_67	A5	2482,66825	3136,002	72003,03411	104166,7331
ECH0212	DE_BE_69	A5	2482,66825	3136,002	72003,03411	101250,0646
ECH0213	DE_BE_69	A5	2482,66825	3136,002	72003,03411	94583,39365
ECH0214	DE_BE_69	A5	2482,66825	3136,002	72003,03411	91666,72513
ECH0215	DE_FE_1	A5	2482,66825	3136,002	72003,03411	88750,0566
ECH0216	DE_FE_1	A5	2482,66825	3136,002	72003,03411	82083,38568
ECH0217	DE_FE_1	A5	2482,66825	2613,335	72003,03411	79375,05062
ECH0218	DE_FE_1	A5	2482,66825	2613,335	72003,03411	76875,04903
ECH0219	DE_FE_1	A6	2482,66825	4442,6695	77080,51668	78818,07697
ECH0220	DE_FE_1	A6	2482,66825	4442,6695	77080,51668	81979,21899
ECH0221	DE_FE_1	A6	2482,66825	4442,6695	77080,51668	88437,55644
ECH0222	DE_FE_51	A6	2482,66825	4442,6695	77080,51668	93229,22616
ECH0223	DE_FE_51	A6	2482,66825	4442,6695	77080,51668	100937,5644
ECH0224	DE_FE_51	A6	2482,66825	4442,6695	77080,51668	104895,9003
ECH0225	DE_FE_51	A6	2482,66825	4442,6695	77080,51668	108854,2361
ECH0226	DE_FE_51	A6	2482,66825	4442,6695	77080,51668	116354,2409
ECH0227	DE_FE_51	A6	2482,66825	4442,6695	77080,51668	121145,9106
ECH0228	DE_FE_51	A6	2482,66825	4442,6695	77080,51668	128854,2489
ECH0229	DE_FE_51	A6	2482,66825	4442,6695	77080,51668	132812,5847
ECH0230	DE_FE_51	A6	2482,66825	3136,002	87127,45222	132916,7514
ECH0231	DE_FE_51	A6	2482,66825	3136,002	87127,45222	129791,7494
ECH0232	DE_FE_51	A6	2482,66825	3136,002	87127,45222	121458,4108
ECH0233	DE_FE_51	A6	2482,66825	3136,002	87127,45222	118125,0753
ECH0234	DE_FE_51	A6	2482,66825	3136,002	87127,45222	110000,0702
ECH0235	DE_FE_51	A6	2482,66825	3136,002	87127,45222	107083,4016
ECH0236	DE_FE_51	A6	2482,66825	3136,002	87127,45222	104166,7331
ECH0237	DE_FE_51	A6	2482,66825	3136,002	87127,45222	101250,0646
ECH0238	DE_FE_51	A6	2482,66825	3136,002	87127,45222	93541,72632
ECH0239	DE_FE_51	A6	2482,66825	3136,002	87127,45222	90625,0578
ECH0240	DE_FE_51	A6	2482,66825	3136,002	87127,45222	87708,38927
ECH0241	DE_FE_51	A6	2482,66825	3136,002	87127,45222	81041,71835
ECH0242	DE_FE_51	A6	2482,66825	3136,002	87127,45222	77291,71596
ECH0243	DE_FE_51	A7	2482,66825	3920,0025	92204,93479	79895,88433
ECH0244	DE_FE_51	A7	2482,66825	3920,0025	92204,93479	89270,89031
ECH0245	DE_FE_51	A7	2482,66825	3920,0025	92204,93479	93437,55963
ECH0246	DE_FE_51	A7	2482,66825	3136,002	92204,93479	101458,398
ECH0247	DE_FE_53	A7	2482,66825	3136,002	92204,93479	105625,0674
ECH0248	DE_FE_53	A7	2482,66825	3136,002	92204,93479	109791,7367
ECH0249	DE_FE_53	A7	2482,66825	3136,002	92204,93479	116875,0745
ECH0250	DE_FE_53	A7	2482,66825	3136,002	92204,93479	121041,7439
ECH0251	DE_FE_53	A7	2482,66825	3136,002	92204,93479	129375,0825
ECH0252	DE_FE_53	A7	2482,66825	3136,002	92204,93479	133125,0849
ECH0253	DE_FE_54	A7	2482,66825	3136,002	102251,8703	131875,0841
ECH0254	DE_FE_54	A7	2482,66825	3136,002	102251,8703	128125,0817
ECH0255	DE_FE_54	A7	2482,66825	3136,002	102251,8703	122500,0781
ECH0256	DE_FE_54	A7	2482,66825	3136,002	102251,8703	119583,4096
ECH0257	DE_FE_56	A7	2482,66825	3136,002	102251,8703	116666,7411
ECH0258	DE_FE_56	A7	2482,66825	3136,002	102251,8703	110000,0702
ECH0259	DE_FE_56	A7	2482,66825	3136,002	102251,8703	107083,4016
ECH0260	DE_FE_58	A7	2482,66825	3136,002	102251,8703	104166,7331
ECH0261	DE_FE_58	A7	2482,66825	3136,002	102251,8703	101250,0646
ECH0262	DE_FE_58	A7	2482,66825	3136,002	102251,8703	94583,39365
ECH0263	DE_FE_59	A7	2482,66825	3136,002	102251,8703	91666,72513
ECH0264	DE_FE_59	A7	2482,66825	3136,002	102251,8703	88750,0566
ECH0265	DE_FE_59	A7	2482,66825	3136,002	102251,8703	81041,71835
ECH0266	DE_FE_59	A7	2482,66825	3136,002	102251,8703	77291,71596
ECH0267	DE_FE_59	A8	2482,66825	3920,0025	107329,3529	79895,88433
ECH0268	DE_FE_59	A8	2482,66825	3920,0025	107329,3529	89270,89031
ECH0269	DE_FE_59	A8	2482,66825	3920,0025	107329,3529	93437,55963
ECH0270	DE_FE_59	A8	2482,66825	5226,67	107329,3529	101250,0646
ECH0271	DE_FE_59	A8	2482,66825	5226,67	107329,3529	105833,4008
ECH0272	DE_FE_59	A8	2482,66825	4181,336	107329,3529	110000,0702
ECH0273	DE_FE_62	A8	2482,66825	4181,336	107329,3529	116250,0741
ECH0274	DE_FE_62	A8	2482,66825	4181,336	107329,3529	121250,0773
ECH0275	DE_FE_62	A8	2482,66825	4181,336	107329,3529	128750,0821
ECH0276	DE_FE_62	A8	2482,66825	4181,336	107329,3529	132916,7514
ECH0277	DE_FE_62	A8	2482,66825	4181,336	117376,2884	132500,0845
ECH0278	DE_FE_62	A8	2482,66825	4181,336	117376,2884	128750,0821
ECH0279	DE_FE_62	A8	2482,66825	4181,336	117376,2884	122083,4112
ECH0280	DE_FE_62	A8	2482,66825	4181,336	117376,2884	118333,4088
ECH0281	DE_FE_62	A8	2482,66825	4181,336	117376,2884	109583,4032
ECH0282	DE_FE_62	A8	2482,66825	4181,336	117376,2884	105833,4008
ECH0283	DE_FE_62	A8	2482,66825	4181,336	117376,2884	102083,3984
ECH0284	DE_FE_62	A8	2482,66825	3920,0025	117376,2884	94270,89349
ECH0285	DE_FE_62	A8	2482,66825	3920,0025	117376,2884	90729,22457
ECH0286	DE_FE_62	A8	2482,66825	3136,002	117376,2884	87500,0558
ECH0287	DE_FE_62	A8	2482,66825	5226,67	117376,2884	81250,05182
ECH0288	DE_FE_62	A8	2482,66825	3658,669	117376,2884	77291,71596
ECH0289	DE_FE_62	A9	2482,66825	3658,669	122453,771	80344,43798
ECH0290	DE_FE_62	A9	2482,66825	3658,669	122453,771	82500,05261
ECH0291	DE_FE_62	A9	2482,66825	3658,669	122453,771	89166,72353
ECH0292	DE_FE_62	A9	2482,66825	3658,669	122453,771	93750,05979
ECH0293	DE_FE_62	A9	2482,66825	3658,669	122453,771	100625,0642
ECH0294	DE_FE_70	A9	2482,66825	3658,669	122453,771	103958,3996
ECH0295	DE_FE_70	A9	2482,66825	3658,669	122453,771	107291,7351
ECH0296	DE_FE_70	A9	2482,66825	3136,002	122453,771	110416,7371
ECH0297	DE_FE_70	A9	2482,66825	3658,669	122453,771	116041,7407
ECH0298	DE_FE_70	A9	2482,66825	5226,67	122453,771	120416,7435
ECH0299	DE_FE_70	A9	2482,66825	4181,336	122453,771	128750,0821
ECH0300	DE_FE_70	A9	2482,66825	4181,336	122453,771	132500,0845
ECH0301	DE_FE_70	A9	2482,66825	4181,336	132500,7065	132500,0845
ECH0302	DE_FE_70	A9	2482,66825	4181,336	132500,7065	128333,4152
ECH0303	DE_FE_70	A9	2482,66825	4181,336	132500,7065	122083,4112
ECH0304	DE_FE_70	A9	2482,66825	4181,336	132500,7065	117500,0749
ECH0305	DE_FE_70	A9	2482,66825	7317,338	132500,7065	105208,4004
ECH0306	DE_FE_70	A9	2482,66825	5226,67	132500,7065	93750,05979
ECH0307	DE_FE_70	A9	2482,66825	5226,67	132500,7065	89166,72353
ECH0308	DE_FE_71	A9	2482,66825	5226,67	132500,7065	80208,38449
ECH0309	DE_FE_71	A10	2482,66825	2613,335	137578,1891	79927,77105
ECH0310	DE_FE_71	A10	2482,66825	2613,335	137578,1891	82500,05261
ECH0311	DE_FE_71	A10	2482,66825	2613,335	137578,1891	90833,39126
ECH0312	DE_FE_71	A10	2482,66825	2613,335	137578,1891	95000,06059
ECH0313	DE_FE_71	A10	2482,66825	2613,335	137578,1891	101250,0646
ECH0314	DE_FE_71	A10	2482,66825	2613,335	137578,1891	105416,7339
ECH0315	DE_FE_71	A10	2482,66825	2613,335	137578,1891	109583,4032
ECH0316	DE_FE_71	A10	2482,66825	2613,335	137578,1891	116666,7411
ECH0317	DE_FE_71	A10	2482,66825	2613,335	137578,1891	120833,4104
ECH0318	DE_FE_71	A10	2482,66825	2613,335	137578,1891	129166,749
ECH0319	DE_FE_71	A10	2482,66825	2613,335	137578,1891	133333,4184
ECH0320	DE_FE_71	A10	2482,66825	2613,335	147625,1246	132083,4176
ECH0321	DE_FE_71	A10	2482,66825	2613,335	147625,1246	128333,4152
ECH0322	DE_FE_71	A10	2482,66825	2613,335	147625,1246	121666,7443
ECH0323	DE_FE_71	A10	2482,66825	2613,335	147625,1246	118333,4088
ECH0324	DE_FE_71	A10	2482,66825	2613,335	147625,1246	115416,7403
ECH0325	DE_FE_71	A10	2482,66825	2613,335	147625,1246	110208,4036
ECH0326	DE_FE_71	A10	2482,66825	2613,335	147625,1246	107708,402
ECH0327	DE_FE_71	A10	2482,66825	2613,335	147625,1246	105208,4004
ECH0328	DE_FE_71	A10	2482,66825	2613,335	147625,1246	102708,3988
ECH0329	DE_FE_71	A10	2482,66825	2613,335	147625,1246	100208,3972
ECH0330	DE_FE_71	A10	2482,66825	2613,335	147625,1246	93750,05979
ECH0331	DE_FE_72	A10	2482,66825	2613,335	147625,1246	91250,0582
ECH0332	DE_FE_72	A10	2482,66825	2613,335	147625,1246	88750,0566
ECH0333	DE_FE_72	A10	2482,66825	2613,335	147625,1246	81250,05182
ECH0334	DE_FE_72	A10	2482,66825	2613,335	147625,1246	77083,38249
ECH0335	DE_FE_72	A11	2482,66825	2090,668	152702,6073	78677,77025
ECH0336	DE_FE_72	A11	2482,66825	2090,668	152702,6073	80761,10491
ECH0337	DE_FE_72	A11	2482,66825	2090,668	152702,6073	82844,43957
ECH0338	DE_FE_72	A11	2482,66825	2090,668	152702,6073	87500,0558
ECH0339	DE_FE_72	A11	2482,66825	2090,668	152702,6073	89583,39047
ECH0340	DE_FE_72	A11	2482,66825	2090,668	152702,6073	91666,72513
ECH0341	DE_FE_72	A11	2482,66825	2090,668	152702,6073	93750,05979
ECH0342	DE_FE_72	A11	2482,66825	2090,668	152702,6073	100000,0638
ECH0343	DE_FE_72	A11	2482,66825	2090,668	152702,6073	102083,3984
ECH0344	DE_FE_72	A11	2482,66825	2090,668	152702,6073	104166,7331
ECH0345	DE_FE_86	A11	2482,66825	2090,668	152702,6073	106250,0678
ECH0346	DE_FE_86	A11	2482,66825	2090,668	152702,6073	108333,4024
ECH0347	DE_FE_86	A11	2482,66825	2090,668	152702,6073	110416,7371
ECH0348	DE_FE_86	A11	2482,66825	2090,668	152702,6073	115416,7403
ECH0349	DE_FE_86	A11	2482,66825	2090,668	152702,6073	117500,0749
ECH0350	DE_FE_86	A11	2482,66825	2090,668	152702,6073	119583,4096
ECH0351	DE_FE_86	A11	2482,66825	2090,668	152702,6073	121666,7443
ECH0352	DE_FE_86	A11	2482,66825	2090,668	152702,6073	127916,7482
ECH0353	DE_FE_86	A11	2482,66825	2090,668	152702,6073	130000,0829
ECH0354	DE_FE_86	A11	2482,66825	2090,668	152702,6073	132083,4176
ECH0355	DE_FE_86	A11	2482,66825	2090,668	162749,5428	133333,4184
ECH0356	DE_FE_86	A11	2482,66825	2090,668	162749,5428	131250,0837
ECH0357	DE_FE_86	A11	2482,66825	2090,668	162749,5428	129166,749
ECH0358	DE_FE_86	A11	2482,66825	2090,668	162749,5428	122916,7451
ECH0359	DE_FE_86	A11	2482,66825	2090,668	162749,5428	120833,4104
ECH0360	DE_FE_86	A11	2482,66825	2090,668	162749,5428	118750,0757
ECH0361	DE_FE_86	A11	2482,66825	2090,668	162749,5428	116666,7411
ECH0362	DE_FE_86	A11	2482,66825	2090,668	162749,5428	110416,7371
ECH0363	DE_FE_86	A11	2482,66825	2090,668	162749,5428	108333,4024
ECH0364	DE_FE_86	A11	2482,66825	2090,668	162749,5428	106250,0678
ECH0365	DE_FE_86	A11	2482,66825	2090,668	162749,5428	104166,7331
ECH0366	DE_FE_86	A11	2482,66825	2090,668	162749,5428	102083,3984
ECH0367	DE_FE_86	A11	2482,66825	2090,668	162749,5428	100000,0638
ECH0368	DE_FE_86	A11	2482,66825	2090,668	162749,5428	95000,06059
ECH0369	DE_FE_86	A11	2482,66825	2090,668	162749,5428	92916,72592
ECH0370	DE_FE_86	A11	2482,66825	2090,668	162749,5428	90833,39126
ECH0371	DE_FE_86	A11	2482,66825	2090,668	162749,5428	88750,0566
ECH0372	DE_FE_86	A11	2482,66825	2090,668	162749,5428	82500,05261
ECH0373	DE_FE_86	A11	2482,66825	2090,668	162749,5428	80416,71795
ECH0374	DE_FE_86	A11	2482,66825	2090,668	162749,5428	78333,38329
ECH0375	DE_FE_86	A12	2482,66825	2090,668	167827,0253	78677,77025
ECH0376	DE_FE_86	A12	2482,66825	2090,668	167827,0253	80761,10491
ECH0377	DE_FE_86	A12	2482,66825	2090,668	167827,0253	82844,43957
ECH0378	DE_FE_86	A12	2482,66825	2090,668	167827,0253	87500,0558
ECH0379	DE_FE_86	A12	2482,66825	2090,668	167827,0253	89583,39047
ECH0380	DE_FE_86	A12	2482,66825	2090,668	167827,0253	91666,72513
ECH0381	DE_FE_86	A12	2482,66825	2090,668	167827,0253	93750,05979
ECH0382	DE_FE_86	A12	2482,66825	2090,668	167827,0253	100000,0638
ECH0383	DE_FE_86	A12	2482,66825	2090,668	167827,0253	102083,3984
ECH0384	DE_FE_86	A12	2482,66825	2090,668	167827,0253	104166,7331
ECH0385	DE_FE_86	A12	2482,66825	2090,668	167827,0253	106250,0678
ECH0386	DE_FE_86	A12	2482,66825	2090,668	167827,0253	108333,4024
ECH0387	DE_FE_86	A12	2482,66825	2090,668	167827,0253	110416,7371
ECH0388	DE_FE_86	A12	2482,66825	2090,668	167827,0253	115416,7403
ECH0389	DE_FE_86	A12	2482,66825	2090,668	167827,0253	117500,0749
ECH0390	DE_FE_86	A12	2482,66825	2090,668	167827,0253	119583,4096
ECH0391	DE_FE_86	A12	2482,66825	2090,668	167827,0253	121666,7443
ECH0392	DE_FE_86	A12	2482,66825	2090,668	167827,0253	127916,7482
ECH0393	DE_FE_86	A12	2482,66825	2090,668	167827,0253	130000,0829
ECH0394	DE_FE_86	A12	2482,66825	2090,668	167827,0253	132083,4176
ECH0395	DE_FE_86	A12	2482,66825	2090,668	177873,9608	133333,4184
ECH0396	DE_FE_86	A12	2482,66825	2090,668	177873,9608	131250,0837
ECH0397	DE_FE_86	A12	2482,66825	2090,668	177873,9608	129166,749
ECH0398	DE_FE_86	A12	2482,66825	2090,668	177873,9608	122916,7451
ECH0399	DE_FE_86	A12	2482,66825	2090,668	177873,9608	120833,4104
ECH0400	DE_FE_86	A12	2482,66825	2090,668	177873,9608	118750,0757
ECH0401	DE_FE_86	A12	2482,66825	2090,668	177873,9608	116666,7411
ECH0402	DE_FE_86	A12	2482,66825	2090,668	177873,9608	110416,7371
ECH0403	DE_FE_86	A12	2482,66825	2090,668	177873,9608	108333,4024
ECH0404	DE_FE_86	A12	2482,66825	2090,668	177873,9608	106250,0678
ECH0405	DE_FE_86	A12	2482,66825	2090,668	177873,9608	104166,7331
ECH0406	DE_FE_86	A12	2482,66825	2090,668	177873,9608	102083,3984
ECH0407	DE_FE_86	A12	2482,66825	2090,668	177873,9608	100000,0638
ECH0408	DE_FE_86	A12	2482,66825	2090,668	177873,9608	95000,06059
ECH0409	DE_FE_86	A12	2482,66825	2090,668	177873,9608	92916,72592
ECH0410	DE_FE_86	A12	2482,66825	2090,668	177873,9608	90833,39126
ECH0411	DE_FE_86	A12	2482,66825	2090,668	177873,9608	88750,0566
ECH0412	DE_FE_86	A12	2482,66825	2090,668	177873,9608	82500,05261
ECH0413	DE_FE_86	A12	2482,66825	2090,668	177873,9608	80416,71795
ECH0414	DE_FE_86	A12	2482,66825	2090,668	177873,9608	78333,38329
ECH0415	DE_FE_86	A13	2482,66825	2613,335	182951,4435	79683,29759
ECH0416	DE_FE_86	A13	2482,66825	2613,335	182951,4435	82808,29959
ECH0417	DE_FE_86	A13	2482,66825	2613,335	182951,4435	87708,38927
ECH0418	DE_FE_86	A13	2482,66825	2613,335	182951,4435	90208,39086
ECH0419	DE_FE_86	A13	2482,66825	2613,335	182951,4435	92708,39246
ECH0420	DE_FE_86	A13	2482,66825	2613,335	182951,4435	95208,39405
ECH0421	DE_FE_86	A13	2482,66825	2613,335	182951,4435	101250,0646
ECH0422	DE_FE_86	A13	2482,66825	2613,335	182951,4435	104375,0666
ECH0423	DE_FE_86	A13	2482,66825	2613,335	182951,4435	107500,0686
ECH0424	DE_FE_86	A13	2482,66825	2613,335	182951,4435	110625,0706
ECH0425	DE_FE_86	A13	2482,66825	2613,335	182951,4435	115625,0737
ECH0426	DE_FE_86	A13	2482,66825	2613,335	182951,4435	118750,0757
ECH0427	DE_FE_86	A13	2482,66825	2613,335	182951,4435	121875,0777
ECH0428	DE_FE_86	A13	2482,66825	2613,335	182951,4435	128125,0817
ECH0429	DE_FE_86	A13	2482,66825	2613,335	182951,4435	130625,0833
ECH0430	DE_FE_86	A13	2482,66825	2613,335	182951,4435	133125,0849
ECH0431	DE_FE_86	A13	2482,66825	3658,669	192998,379	133125,0849
ECH0432	DE_FE_86	A13	2482,66825	3658,669	192998,379	130000,0829
ECH0433	DE_FE_86	A13	2482,66825	3658,669	192998,379	122708,4116
ECH0434	DE_FE_86	A13	2482,66825	2613,335	192998,379	120208,41
ECH0435	DE_FE_86	A13	2482,66825	2613,335	192998,379	117708,4084
ECH0436	DE_FE_86	A13	2482,66825	2613,335	192998,379	115208,4068
ECH0437	DE_FE_86	A13	2482,66825	2613,335	192998,379	110000,0702
ECH0438	DE_FE_86	A13	2482,66825	2613,335	192998,379	107500,0686
ECH0439	DE_FE_86	A13	2482,66825	2613,335	192998,379	105000,067
ECH0440	DE_FE_86	A13	2482,66825	2613,335	192998,379	102500,0654
ECH0441	DE_FE_86	A13	2482,66825	2613,335	192998,379	100000,0638
ECH0442	DE_FE_86	A13	2482,66825	2613,335	192998,379	93333,39286
ECH0443	DE_FE_86	A13	2482,66825	2613,335	192998,379	88333,38967
ECH0444	DE_FE_86	A13	2482,66825	2613,335	192998,379	78750,05022
ECH0445	DE_FE_86	A14	2482,66825	3920,0025	198075,8616	79895,88433
ECH0446	DE_FE_86	A14	2482,66825	3920,0025	198075,8616	88229,22298
ECH0447	DE_FE_86	A14	2482,66825	3920,0025	198075,8616	91770,8919
ECH0448	DE_FE_86	A14	2482,66825	3136,002	198075,8616	95000,06059
ECH0449	DE_FE_86	A14	2482,66825	3920,0025	198075,8616	100729,2309
ECH0450	DE_FE_86	A14	2482,66825	3920,0025	198075,8616	104270,8999
ECH0451	DE_FE_86	A14	2482,66825	3920,0025	198075,8616	107812,5688
ECH0452	DE_FE_86	A14	2482,66825	3136,002	198075,8616	115833,4072
ECH0453	DE_FE_86	A14	2482,66825	3136,002	198075,8616	118958,4092
ECH0454	DE_FE_86	A14	2482,66825	3136,002	198075,8616	121875,0777
ECH0455	DE_FE_86	A14	2482,66825	3136,002	198075,8616	128333,4152
ECH0456	DE_FE_86	A14	2482,66825	3136,002	198075,8616	131250,0837
ECH0457	DE_FE_86	A14	2482,66825	2613,335	198075,8616	133958,4188
ECH0458	DE_FE_86	A14	2482,66825	3136,002	208122,7971	131875,0841
ECH0459	DE_FE_86	A14	2482,66825	3136,002	208122,7971	128125,0817
ECH0460	DE_FE_86	A14	2482,66825	3920,0025	208122,7971	120104,2433
ECH0461	DE_FE_86	A14	2482,66825	3920,0025	208122,7971	107604,2353
ECH0462	DE_FE_86	A14	2482,66825	3920,0025	208122,7971	101354,2313
ECH0463	DE_FE_86	A14	2482,66825	3920,0025	208122,7971	92187,55883
ECH0464	DE_FE_86	A14	2482,66825	3920,0025	208122,7971	79687,55082
ECH0465	DE_FE_86	A15	2482,66825	4442,6695	213200,2796	79062,55042
ECH0466	DE_FE_86	A15	2482,66825	4442,6695	213200,2796	89479,22377
ECH0467	DE_FE_86	A15	2482,66825	4442,6695	213200,2796	94270,89349
ECH0468	DE_FE_86	A15	2482,66825	4442,6695	213200,2796	104062,5664
ECH0469	DE_FE_86	A15	2482,66825	4442,6695	213200,2796	109270,9031
ECH0470	DE_FE_86	A15	2482,66825	4442,6695	213200,2796	117395,9082
ECH0471	DE_FE_86	A15	2482,66825	4442,6695	213200,2796	121354,2441
ECH0472	DE_FE_86	A15	2482,66825	4442,6695	213200,2796	128854,2489
ECH0473	DE_FE_86	A15	2482,66825	4442,6695	213200,2796	132812,5847
ECH0474	DE_FE_86	A15	2482,66825	4442,6695	223247,2152	132395,9178
ECH0475	DE_FE_86	A15	2482,66825	4442,6695	223247,2152	128437,582
ECH0476	DE_FE_86	A15	2482,66825	4442,6695	223247,2152	121979,2445
ECH0477	DE_FE_86	A15	2482,66825	4442,6695	223247,2152	118020,9086
ECH0478	DE_FE_86	A15	2482,66825	3920,0025	223247,2152	109687,57
ECH0479	DE_FE_86	A15	2482,66825	3920,0025	223247,2152	106145,9011
ECH0480	DE_FE_86	A15	2482,66825	3920,0025	223247,2152	102604,2321
ECH0481	DE_FE_86	A15	2482,66825	3136,002	223247,2152	92500,05899
ECH0482	DE_FE_86	A15	2482,66825	3136,002	223247,2152	89375,057
ECH0483	DE_FE_86	A15	2482,66825	3136,002	223247,2152	81041,71835
ECH0484	DE_FE_86	A15	2482,66825	3136,002	223247,2152	77291,71596
ECH0485	DE_FE_86	A16	2482,66825	3920,0025	228324,6978	78854,21696
ECH0486	DE_FE_86	A16	2482,66825	3920,0025	228324,6978	89270,89031
ECH0487	DE_FE_86	A16	2482,66825	3920,0025	228324,6978	93437,55963
ECH0488	DE_FE_86	A16	2482,66825	3920,0025	228324,6978	101770,8983
ECH0489	DE_FE_86	A16	2482,66825	3920,0025	228324,6978	105729,2341
ECH0490	DE_FE_86	A16	2482,66825	3920,0025	228324,6978	109687,57
ECH0491	DE_FE_86	A16	2482,66825	2613,335	228324,6978	115625,0737
ECH0492	DE_FE_86	A16	2482,66825	2613,335	228324,6978	118750,0757
ECH0493	DE_FE_86	A16	2482,66825	2613,335	228324,6978	121875,0777
ECH0494	WE_BE_14	B15	2482,66825	3658,669	213200,2796	35208,35579
ECH0495	WE_BE_14	B15	2482,66825	3658,669	213200,2796	38541,69125
ECH0496	WE_BE_14	B15	2482,66825	3136,002	213200,2796	41666,69324
ECH0497	WE_BE_14	B15	2482,66825	3658,669	213200,2796	47291,69683
ECH0498	WE_BE_14	B15	2482,66825	3658,669	213200,2796	50625,03229
ECH0499	WE_BE_16	B15	2482,66825	3658,669	213200,2796	53958,36775
ECH0500	WE_BE_16	B15	2482,66825	3658,669	213200,2796	59791,7048
ECH0501	WE_BE_16	B15	2482,66825	3658,669	213200,2796	64375,04106
ECH0502	WE_BE_16	B15	2482,66825	3658,669	223247,2152	63161,18025
ECH0503	WE_BE_16	B15	2482,66825	3658,669	223247,2152	59791,7048
ECH0504	WE_BE_16	B15	2482,66825	3658,669	223247,2152	53541,70081
ECH0505	WE_BE_16	B15	2482,66825	3658,669	223247,2152	50208,36535
ECH0506	WE_BE_16	B15	2482,66825	3658,669	223247,2152	46875,02989
ECH0507	WE_BE_17	B15	2482,66825	3658,669	223247,2152	40000,02551
ECH0508	WE_BE_17	B15	2482,66825	3658,669	223247,2152	31666,68686
ECH0509	WE_BE_7	B15	2482,66825	3658,669	223247,2152	21666,68048
ECH0510	WE_BE_81	B15	2482,66825	3658,669	223247,2152	9166,672513
ECH0511	WE_BE_81	B16	2482,66825	3920,0025	228324,6978	11145,84044
ECH0512	WE_BE_81	B16	2482,66825	3920,0025	228324,6978	23645,84841
ECH0513	WE_BE_82	B16	2482,66825	3658,669	228324,6978	31875,02033
ECH0514	WE_BE_82	B16	2482,66825	3658,669	228324,6978	35208,35579
ECH0515	WE_BE_82	B16	2482,66825	3658,669	228324,6978	38541,69125
ECH0516	WE_BE_82	B16	2482,66825	3658,669	228324,6978	41875,02671
ECH0517	WE_BE_82	B16	2482,66825	3658,669	228324,6978	47291,69683
ECH0518	WE_BE_82	B16	2482,66825	3658,669	228324,6978	50625,03229
ECH0519	WE_BE_82	B16	2482,66825	3658,669	228324,6978	53958,36775
ECH0520	WE_BE_82	B16	2482,66825	3658,669	228324,6978	59791,7048
ECH0521	WE_BE_82	B16	2482,66825	3658,669	228324,6978	63125,04026
ECH0522	WE_BE_82	B16	2482,66825	3658,669	238371,6333	63161,18025
ECH0523	WE_BE_9	B16	2482,66825	3658,669	238371,6333	60625,03866
ECH0524	WE_BE_9	B16	2482,66825	3658,669	238371,6333	53541,70081
ECH0525	WE_BE_9	B16	2482,66825	3658,669	238371,6333	50208,36535
ECH0526	WE_BE_9	B16	2482,66825	3658,669	238371,6333	46875,02989
ECH0527	WE_BE_9	B16	2482,66825	3658,669	238371,6333	40000,02551
ECH0528	WE_FE_108	B16	2482,66825	3658,669	238371,6333	35833,35619
ECH0529	WE_FE_108	B16	2482,66825	3658,669	238371,6333	31666,68686
ECH0530	WE_FE_108	B16	2482,66825	3658,669	238371,6333	24583,34901
ECH0531	WE_FE_108	B16	2482,66825	3658,669	238371,6333	20416,67969
ECH0532	WE_FE_108	B16	2482,66825	3658,669	238371,6333	11041,67371
ECH0533	WE_FE_108	B17	2482,66825	3920,0025	243449,1159	11145,84044
ECH0534	WE_FE_108	B17	2482,66825	3136,002	243449,1159	20208,34622
ECH0535	WE_FE_108	B17	2482,66825	3136,002	243449,1159	24375,01555
ECH0536	WE_FE_108	B17	2482,66825	3658,669	243449,1159	31875,02033
ECH0537	WE_FE_108	B17	2482,66825	3658,669	243449,1159	35208,35579
ECH0538	WE_FE_108	B17	2482,66825	3658,669	243449,1159	38541,69125
ECH0539	WE_FE_108	B17	2482,66825	3136,002	243449,1159	41666,69324
ECH0540	WE_FE_108	B17	2482,66825	3658,669	243449,1159	47291,69683
ECH0541	WE_FE_108	B17	2482,66825	3658,669	243449,1159	50625,03229
ECH0542	WE_FE_108	B17	2482,66825	3658,669	243449,1159	53958,36775
ECH0543	WE_FE_108	B17	2482,66825	3658,669	243449,1159	59791,7048
ECH0544	WE_FE_108	B17	2482,66825	3658,669	243449,1159	63125,04026
ECH0545	WE_FE_108	B17	2482,66825	3658,669	253496,0515	63161,18025
ECH0546	WE_FE_108	B17	2482,66825	3658,669	253496,0515	59375,03787
ECH0547	WE_FE_108	B17	2482,66825	3658,669	253496,0515	53541,70081
ECH0548	WE_FE_108	B17	2482,66825	3658,669	253496,0515	50208,36535
ECH0549	WE_FE_108	B17	2482,66825	3658,669	253496,0515	46875,02989
ECH0550	WE_FE_108	B17	2482,66825	3136,002	253496,0515	41250,02631
ECH0551	WE_FE_108	B17	2482,66825	3136,002	253496,0515	38333,35778
ECH0552	WE_FE_108	B17	2482,66825	3136,002	253496,0515	35416,68925
ECH0553	WE_FE_108	B17	2482,66825	3136,002	253496,0515	32500,02073
ECH0554	WE_FE_108	B17	2482,66825	3136,002	253496,0515	25833,34981
ECH0555	WE_FE_108	B17	2482,66825	3136,002	253496,0515	22916,68128
ECH0556	WE_FE_108	B17	2482,66825	3136,002	253496,0515	20000,01276
ECH0557	WE_FE_108	B17	2482,66825	3136,002	253496,0515	13333,34184
ECH0558	WE_FE_108	B17	2482,66825	2613,335	253496,0515	10625,00678
ECH0559	WE_FE_41	B17	2482,66825	2613,335	253496,0515	8125,005182
ECH0560	WE_FE_41	B18	2482,66825	3920,0025	258573,534	11145,84044
ECH0561	WE_FE_41	B18	2482,66825	3136,002	258573,534	20208,34622
ECH0562	WE_FE_41	B18	2482,66825	3136,002	258573,534	24375,01555
ECH0563	WE_FE_41	B18	2482,66825	3658,669	258573,534	31875,02033
ECH0564	WE_FE_41	B18	2482,66825	3658,669	258573,534	35208,35579
ECH0565	WE_FE_47	B18	2482,66825	3658,669	258573,534	38541,69125
ECH0566	WE_FE_47	B18	2482,66825	3136,002	258573,534	41666,69324
ECH0567	WE_FE_47	B18	2482,66825	3658,669	258573,534	47291,69683
ECH0568	WE_FE_47	B18	2482,66825	3658,669	258573,534	50625,03229
ECH0569	WE_FE_47	B18	2482,66825	3658,669	258573,534	53958,36775
ECH0570	WE_FE_8	B18	2482,66825	3658,669	258573,534	59791,7048
ECH0571	WE_FE_8	B18	2482,66825	3658,669	258573,534	63125,04026
ECH0572	WE_FE_83	B18	2482,66825	3658,669	268620,4695	63161,18025
ECH0573	WE_FE_83	B18	2482,66825	3658,669	268620,4695	59375,03787
ECH0574	WE_FE_83	B18	2482,66825	3658,669	268620,4695	53541,70081
ECH0575	WE_FE_83	B18	2482,66825	3658,669	268620,4695	50208,36535
ECH0576	WE_FE_83	B18	2482,66825	3658,669	268620,4695	46875,02989
ECH0577	WE_FE_83	B18	2482,66825	3136,002	268620,4695	41250,02631
ECH0578	WE_FE_84	B18	2482,66825	3136,002	268620,4695	38333,35778
ECH0579	WE_FE_84	B18	2482,66825	3136,002	268620,4695	35416,68925
ECH0580	WE_FE_84	B18	2482,66825	3136,002	268620,4695	32500,02073
ECH0581	WE_FE_84	B18	2482,66825	3136,002	268620,4695	25833,34981
ECH0582	WE_FE_84	B18	2482,66825	3136,002	268620,4695	22916,68128
ECH0583	WE_FE_84	B18	2482,66825	3136,002	268620,4695	20000,01276
ECH0584	WE_FE_84	B18	2482,66825	3136,002	268620,4695	13333,34184
ECH0585	WE_FE_84	B18	2482,66825	2613,335	268620,4695	10625,00678
ECH0586	WE_FE_84	B18	2482,66825	2613,335	268620,4695	8125,005182
ECH0587	WE_FE_84	B19	2482,66825	3920,0025	273697,9521	11145,84044
ECH0588	WE_FE_84	B19	2482,66825	3136,002	273697,9521	19166,67889
ECH0589	WE_FE_84	B19	2482,66825	3136,002	273697,9521	22083,34742
ECH0590	WE_FE_84	B19	2482,66825	3136,002	273697,9521	25000,01594
ECH0591	WE_FE_84	B19	2482,66825	3136,002	273697,9521	31666,68686
ECH0592	WE_FE_84	B19	2482,66825	3658,669	273697,9521	34791,68886
ECH0593	WE_FE_84	B19	2482,66825	3658,669	273697,9521	39166,69165
ECH0594	WE_FE_84	B19	2482,66825	3658,669	273697,9521	47291,69683
ECH0595	WE_FE_84	B19	2482,66825	3658,669	273697,9521	50625,03229
ECH0596	WE_FE_85	B19	2482,66825	3658,669	273697,9521	53958,36775
ECH0597	WE_FE_85	B19	2482,66825	3658,669	273697,9521	59791,7048
IMP0101	EPI_38	B19	2482,66825	2090,668	283744,8876	63161,18025
IMP0102	EPI_36	B19	2482,66825	2090,668	283744,8876	60625,03866
IMP0103	EPI_36	B19	2482,66825	2090,668	283744,8876	53541,70081
IMP0104	Implant_119	B19	2482,66825	2090,668	283744,8876	50208,36535
IMP0105	Implant_119	B19	2482,66825	2090,668	283744,8876	46875,02989
IMP0106	Implant_128	B19	2482,66825	2090,668	283744,8876	41250,02631
IMP0107	Implant_128	B19	2482,66825	2090,668	283744,8876	38333,35778
IMP0108	Implant_128	B19	2482,66825	2090,668	283744,8876	35416,68925
IMP0109	Implant_128	B19	2482,66825	2090,668	283744,8876	32500,02073
IMP0110	Implant_128	B19	2482,66825	2090,668	283744,8876	25833,34981
IMP0111	Implant_128	B19	2482,66825	2090,668	283744,8876	22916,68128
IMP0112	Implant_128	B19	2482,66825	2090,668	283744,8876	20000,01276
IMP0113	Implant_128	B19	2482,66825	2090,668	283744,8876	12083,34104
IMP0114	Implant_128	B19	2482,66825	2090,668	283744,8876	8750,00558
IMP0115	Implant_128	B20	2482,66825	2090,668	288822,3703	11145,84044
IMP0116	Implant_128	B20	2482,66825	2090,668	288822,3703	19166,67889
IMP0117	Implant_132	B20	2482,66825	2090,668	288822,3703	22083,34742
IMP0118	Implant_132	B20	2482,66825	2090,668	288822,3703	25000,01594
IMP0119	Implant_132	B20	2482,66825	2090,668	288822,3703	31666,68686
IMP0120	Implant_132	B20	2482,66825	2090,668	288822,3703	34791,68886
IMP0121	Implant_132	B20	2482,66825	2090,668	288822,3703	39166,69165
IMP0122	Implant_132	B20	2482,66825	2090,668	288822,3703	47291,69683
IMP0123	Implant_132	B20	2482,66825	2090,668	288822,3703	50625,03229
IMP0124	Implant_74	B20	2482,66825	2090,668	288822,3703	53958,36775
IMP0125	Implant_74	B20	2482,66825	2090,668	288822,3703	59791,7048
IMP0126	Implant_88	B20	2482,66825	2090,668	288822,3703	63125,04026
IMP0127	Implant_88	B20	2482,66825	2090,668	298869,3058	63161,18025
IMP0128	Implant_90	B20	2482,66825	2090,668	298869,3058	60625,03866
IMP0129	Implant_90	B20	2482,66825	2090,668	298869,3058	53541,70081
IMP0130	Implant_91	B20	2482,66825	2090,668	298869,3058	50208,36535
IMP0131	Implant_91	B20	2482,66825	2090,668	298869,3058	46875,02989
IMP0132	Implant_91	B20	2482,66825	2090,668	298869,3058	41250,02631
IMP0133	Implant_91	B20	2482,66825	2090,668	298869,3058	38333,35778
IMP0134	Implant_91	B20	2482,66825	2090,668	298869,3058	35416,68925
IMP0135	Implant_91	B20	2482,66825	2090,668	298869,3058	32500,02073
IMP0136	Implant_91	B20	2482,66825	2090,668	298869,3058	25833,34981
LITH0101	Litho_BE_110	B1	2482,66825	3920,0025	1458,426128	11145,84044
LITH0102	Litho_BE_110	B1	2482,66825	3920,0025	1458,426128	20520,84642
LITH0103	Litho_BE_110	B1	2482,66825	3920,0025	1458,426128	25729,18308
LITH0104	Litho_BE_110	B1	2482,66825	3920,0025	1458,426128	34062,52172
LITH0105	Litho_BE_110	B1	2482,66825	3920,0025	1458,426128	39270,85838
LITH0106	Litho_BE_110	B1	2482,66825	2613,335	1458,426128	47916,69723
LITH0107	Litho_BE_110	B1	2482,66825	2613,335	1458,426128	52083,36655
LITH0108	Litho_BE_110	B1	2482,66825	2613,335	1458,426128	60416,7052
LITH0109	Litho_BE_110	B1	2482,66825	2613,335	1458,426128	64583,37452
LITH0110	Litho_BE_110	B1	2482,66825	2613,335	11505,36167	63333,37372
LITH0111	Litho_BE_110	B1	2482,66825	2613,335	11505,36167	59166,7044
LITH0112	Litho_BE_110	B1	2482,66825	2613,335	11505,36167	52916,70041
LITH0113	Litho_BE_110	B1	2482,66825	2613,335	11505,36167	48750,03109
LITH0114	Litho_BE_110	B1	2482,66825	2613,335	11505,36167	40416,69244
LITH0115	Litho_BE_110	B1	2482,66825	2613,335	11505,36167	36250,02312
LITH0116	Litho_BE_110	B1	2482,66825	4181,336	11505,36167	32708,35419
LITH0117	Litho_BE_110	B1	2482,66825	4704,003	11505,36167	25208,34941
LITH0118	Litho_BE_110	B1	2482,66825	4704,003	11505,36167	21041,68009
LITH0119	Litho_BE_110	B1	2482,66825	4704,003	11505,36167	10625,00678
LITH0120	Litho_BE_110	B2	2482,66825	3920,0025	16582,84423	11145,84044
LITH0121	Litho_BE_110	B2	2482,66825	3920,0025	16582,84423	20520,84642
LITH0122	Litho_BE_110	B2	2482,66825	3920,0025	16582,84423	24687,51574
LITH0123	Litho_BE_110	B2	2482,66825	3920,0025	16582,84423	33020,85439
LITH0124	Litho_BE_110	B2	2482,66825	3920,0025	16582,84423	36562,52332
LITH0125	Litho_BE_110	B2	2482,66825	3920,0025	16582,84423	40104,19224
LITH0126	Litho_BE_93	B2	2482,66825	3920,0025	16582,84423	48437,53089
LITH0127	Litho_BE_93	B2	2482,66825	3920,0025	16582,84423	52604,20022
LITH0128	Litho_BE_93	B2	2482,66825	3920,0025	16582,84423	60937,53886
LITH0129	Litho_BE_93	B2	2482,66825	3920,0025	16582,84423	64479,20779
LITH0130	Litho_BE_99	B2	2482,66825	3136,002	26629,77978	63125,04026
LITH0131	Litho_BE_99	B2	2482,66825	3136,002	26629,77978	59375,03787
LITH0132	Litho_BE_99	B2	2482,66825	3136,002	26629,77978	52708,36695
LITH0133	Litho_FE_111	B2	2482,66825	3136,002	26629,77978	48541,69762
LITH0134	Litho_FE_111	B2	2482,66825	3136,002	26629,77978	41250,02631
LITH0135	Litho_FE_111	B2	2482,66825	3136,002	26629,77978	38333,35778
LITH0136	Litho_FE_111	B2	2482,66825	3136,002	26629,77978	35416,68925
LITH0137	Litho_FE_111	B2	2482,66825	3136,002	26629,77978	32500,02073
LITH0138	Litho_FE_111	B2	2482,66825	3136,002	26629,77978	25833,34981
LITH0139	Litho_FE_111	B2	2482,66825	3136,002	26629,77978	22916,68128
LITH0140	Litho_FE_111	B2	2482,66825	3136,002	26629,77978	20000,01276
LITH0141	Litho_FE_111	B2	2482,66825	2613,335	26629,77978	13541,6753
LITH0142	Litho_FE_111	B2	2482,66825	2613,335	26629,77978	11041,67371
LITH0143	Litho_FE_111	B2	2482,66825	2613,335	26629,77978	8541,672114
LITH0144	Litho_FE_111	B3	2482,66825	3920,0025	31707,26235	11145,84044
LITH0145	Litho_FE_111	B3	2482,66825	3920,0025	31707,26235	20520,84642
LITH0146	Litho_FE_111	B3	2482,66825	3920,0025	31707,26235	24687,51574
LITH0147	Litho_FE_111	B3	2482,66825	3920,0025	31707,26235	31979,18706
LITH0148	Litho_FE_111	B3	2482,66825	3920,0025	31707,26235	35520,85599
LITH0149	Litho_FE_111	B3	2482,66825	3920,0025	31707,26235	39062,52491
LITH0150	Litho_FE_111	B3	2482,66825	2613,335	31707,26235	47916,69723
LITH0151	Litho_FE_111	B3	2482,66825	2613,335	31707,26235	50416,69882
LITH0152	Litho_FE_111	B3	2482,66825	2613,335	31707,26235	52916,70041
LITH0153	Litho_FE_111	B3	2482,66825	3920,0025	31707,26235	59895,87153
LITH0154	Litho_FE_111	B3	2482,66825	3920,0025	31707,26235	63437,54046
LITH0155	Litho_FE_35	B3	2482,66825	3920,0025	41754,19789	63057,01351
LITH0156	Litho_FE_35	B3	2482,66825	3920,0025	41754,19789	60312,53846
LITH0157	Litho_FE_92	B3	2482,66825	3920,0025	41754,19789	53437,53408
LITH0158	Litho_FE_92	B3	2482,66825	3136,002	41754,19789	50208,36535
LITH0159	Litho_FE_92	B3	2482,66825	3136,002	41754,19789	47291,69683
LITH0160	Litho_FE_92	B3	2482,66825	3136,002	41754,19789	41250,02631
LITH0161	Litho_FE_92	B3	2482,66825	3136,002	41754,19789	38333,35778
LITH0162	Litho_FE_92	B3	2482,66825	3136,002	41754,19789	35416,68925
LITH0163	Litho_FE_92	B3	2482,66825	3658,669	41754,19789	32291,68726
LITH0164	Litho_FE_92	B3	2482,66825	3136,002	41754,19789	25833,34981
LITH0165	Litho_FE_92	B3	2482,66825	3136,002	41754,19789	22916,68128
LITH0166	Litho_FE_92	B3	2482,66825	3136,002	41754,19789	20000,01276
LITH0167	Litho_FE_92	B3	2482,66825	2613,335	41754,19789	13541,6753
LITH0168	Litho_FE_92	B3	2482,66825	2613,335	41754,19789	11041,67371
LITH0169	Litho_FE_92	B3	2482,66825	2613,335	41754,19789	8541,672114
LITH0170	Litho_FE_92	B4	2482,66825	2090,668	46831,68046	8333,338648
LITH0171	Litho_FE_92	B4	2482,66825	2090,668	46831,68046	10416,67331
LITH0172	Litho_FE_92	B4	2482,66825	2090,668	46831,68046	12500,00797
LITH0173	Litho_FE_92	B4	2482,66825	2090,668	46831,68046	18750,01196
LITH0174	Litho_FE_92	B4	2482,66825	2090,668	46831,68046	20833,34662
LITH0175	Litho_FE_92	B4	2482,66825	2090,668	46831,68046	22916,68128
LITH0176	Litho_FE_92	B4	2482,66825	2090,668	46831,68046	25000,01594
LITH0177	Litho_FE_92	B4	2482,66825	2090,668	46831,68046	31250,01993
LITH0178	Litho_FE_92	B4	2482,66825	2090,668	46831,68046	33333,35459
LITH0179	Litho_FE_92	B4	2482,66825	2090,668	46831,68046	35416,68925
LITH0180	Litho_FE_92	B4	2482,66825	2090,668	46831,68046	37500,02392
LITH0181	Litho_FE_92	B4	2482,66825	2090,668	46831,68046	39583,35858
LITH0182	Litho_FE_92	B4	2482,66825	2090,668	46831,68046	41666,69324
LITH0183	Litho_FE_92	B4	2482,66825	2090,668	46831,68046	46666,69643
LITH0184	Litho_FE_92	B4	2482,66825	2090,668	46831,68046	48750,03109
LITH0185	Litho_FE_98	B4	2482,66825	2090,668	46831,68046	50833,36575
LITH0186	Litho_FE_98	B4	2482,66825	2090,668	46831,68046	52916,70041
LITH0187	Litho_FE_98	B4	2482,66825	2090,668	46831,68046	59166,7044
LITH0188	Litho_FE_98	B4	2482,66825	2090,668	46831,68046	61250,03906
LITH0189	Litho_REG_FE_64	B4	2482,66825	2090,668	46831,68046	63333,37372
LITH0190	Litho_REG_FE_64	B4	2482,66825	2090,668	56878,616	62988,98677
LITH0191	Litho_REG_FE_64	B4	2482,66825	2090,668	56878,616	60905,6521
LITH0192	Litho_REG_FE_64	B4	2482,66825	2090,668	56878,616	58822,31744
LITH0193	Litho_REG_FE_64	B4	2482,66825	2090,668	56878,616	54166,70121
LITH0194	Litho_REG_FE_64	B4	2482,66825	2090,668	56878,616	52083,36655
LITH0195	Litho_REG_FE_64	B4	2482,66825	2090,668	56878,616	50000,03189
LITH0196	Litho_REG_FE_64	B4	2482,66825	2090,668	56878,616	47916,69723
LITH0197	Litho_REG_FE_64	B4	2482,66825	2090,668	56878,616	41666,69324
LITH0198	Litho_REG_FE_64	B4	2482,66825	2090,668	56878,616	39583,35858
LITH0199	Litho_REG_FE_64	B4	2482,66825	2090,668	56878,616	37500,02392
LITH0200	Litho_REG_FE_64	B4	2482,66825	2090,668	56878,616	35416,68925
LITH0201	Litho_REG_FE_64	B4	2482,66825	2090,668	56878,616	33333,35459
LITH0202	Litho_REG_FE_64	B4	2482,66825	2090,668	56878,616	31250,01993
LITH0203	Litho_REG_FE_64	B4	2482,66825	2090,668	56878,616	26250,01674
LITH0204	Litho_REG_BE_63	B4	2482,66825	2090,668	56878,616	24166,68208
LITH0205	Litho_REG_BE_63	B4	2482,66825	2090,668	56878,616	22083,34742
LITH0206	Litho_REG_BE_63	B4	2482,66825	2090,668	56878,616	20000,01276
LITH0207	Litho_REG_BE_63	B4	2482,66825	2090,668	56878,616	13750,00877
LITH0208	Litho_REG_BE_63	B4	2482,66825	2090,668	56878,616	11666,67411
LITH0209	Litho_REG_BE_63	B4	2482,66825	2090,668	56878,616	9583,339445
LITH0210	Litho_REG_BE_63	B5	2482,66825	2090,668	61956,09856	8333,338648
LITH0211	Litho_REG_BE_63	B5	2482,66825	2090,668	61956,09856	10416,67331
LITH0212	Litho_REG_BE_63	B5	2482,66825	2090,668	61956,09856	12500,00797
LITH0213	Litho_REG_BE_63	B5	2482,66825	2090,668	61956,09856	18750,01196
LITH0214	LithoMet_BE_18	B5	2482,66825	2090,668	61956,09856	20833,34662
LITH0215	LithoMet_BE_18	B5	2482,66825	2090,668	61956,09856	22916,68128
LITH0216	LithoMet_BE_18	B5	2482,66825	2090,668	61956,09856	25000,01594
LITH0217	LithoMet_BE_18	B5	2482,66825	2090,668	61956,09856	31250,01993
LITH0218	LithoMet_BE_18	B5	2482,66825	2090,668	61956,09856	33333,35459
LITH0219	LithoMet_BE_18	B5	2482,66825	2090,668	61956,09856	35416,68925
LITH0220	LithoMet_BE_18	B5	2482,66825	2090,668	61956,09856	37500,02392
LITH0221	LithoMet_BE_18	B5	2482,66825	2090,668	61956,09856	39583,35858
LITH0222	LithoMet_BE_18	B5	2482,66825	2090,668	61956,09856	41666,69324
LITH0223	LithoMet_BE_18	B5	2482,66825	2090,668	61956,09856	46666,69643
LITH0224	LithoMet_BE_18	B5	2482,66825	2090,668	61956,09856	48750,03109
LITH0225	LithoMet_BE_18	B5	2482,66825	2090,668	61956,09856	50833,36575
LITH0226	LithoMet_BE_18	B5	2482,66825	2090,668	61956,09856	52916,70041
LITH0227	LithoMet_BE_18	B5	2482,66825	2090,668	61956,09856	59166,7044
LITH0228	LithoMet_FE_19	B5	2482,66825	2090,668	61956,09856	61250,03906
LITH0229	LithoMet_FE_19	B5	2482,66825	2090,668	61956,09856	63333,37372
LITH0230	LithoMet_FE_19	B5	2482,66825	2090,668	72003,03411	62988,98677
LITH0231	LithoMet_FE_19	B5	2482,66825	2090,668	72003,03411	60905,6521
LITH0232	LithoMet_FE_19	B5	2482,66825	2090,668	72003,03411	58822,31744
LITH0233	LithoMet_FE_19	B5	2482,66825	2090,668	72003,03411	54166,70121
LITH0234	LithoMet_FE_19	B5	2482,66825	2090,668	72003,03411	52083,36655
LITH0235	LithoMet_FE_19	B5	2482,66825	2090,668	72003,03411	50000,03189
LITH0236	LithoMet_FE_19	B5	2482,66825	2090,668	72003,03411	47916,69723
LITH0237	LithoMet_FE_19	B5	2482,66825	2090,668	72003,03411	41666,69324
LITH0238	LithoMet_FE_19	B5	2482,66825	2090,668	72003,03411	39583,35858
LITH0239	LithoMet_FE_19	B5	2482,66825	2090,668	72003,03411	37500,02392
LITH0240	LithoMet_FE_19	B5	2482,66825	2090,668	72003,03411	35416,68925
LITH0241	LithoMet_FE_19	B5	2482,66825	2090,668	72003,03411	33333,35459
LITH0242	LithoMet_FE_19	B5	2482,66825	2090,668	72003,03411	31250,01993
LITH0243	LithoMet_FE_19	B5	2482,66825	2090,668	72003,03411	26250,01674
LITH0244	LithoMet_FE_19	B5	2482,66825	2090,668	72003,03411	24166,68208
LITH0245	LithoMet_FE_19	B5	2482,66825	2090,668	72003,03411	22083,34742
LITH0246	LithoTrack_BE_117	B5	2482,66825	2090,668	72003,03411	20000,01276
LITH0247	LithoTrack_BE_117	B5	2482,66825	2090,668	72003,03411	13750,00877
LITH0248	LithoTrack_BE_117	B5	2482,66825	2090,668	72003,03411	11666,67411
LITH0249	LithoTrack_BE_117	B5	2482,66825	2090,668	72003,03411	9583,339445
LITH0250	LithoTrack_BE_117	B6	2482,66825	2090,668	77080,51668	8333,338648
LITH0251	LithoTrack_FE_115	B6	2482,66825	2090,668	77080,51668	10416,67331
LITH0252	LithoTrack_FE_115	B6	2482,66825	2090,668	77080,51668	12500,00797
LITH0253	LithoTrack_FE_115	B6	2482,66825	2090,668	77080,51668	18750,01196
LITH0254	LithoTrack_FE_115	B6	2482,66825	2090,668	77080,51668	20833,34662
LITH0255	LithoTrack_FE_115	B6	2482,66825	2090,668	77080,51668	22916,68128
LITH0256	LithoTrack_FE_115	B6	2482,66825	2090,668	77080,51668	25000,01594
LITH0257	LithoTrack_FE_115	B6	2482,66825	2090,668	77080,51668	31250,01993
LITH0258	LithoTrack_FE_115	B6	2482,66825	2090,668	77080,51668	33333,35459
LITH0259	LithoTrack_FE_115	B6	2482,66825	2090,668	77080,51668	35416,68925
LITH0260	LithoTrack_FE_115	B6	2482,66825	2090,668	77080,51668	37500,02392
LITH0261	LithoTrack_FE_115	B6	2482,66825	2090,668	77080,51668	39583,35858
LITH0262	LithoTrack_FE_115	B6	2482,66825	2090,668	77080,51668	41666,69324
LITH0263	LithoTrack_FE_115	B6	2482,66825	2090,668	77080,51668	46666,69643
LITH0264	LithoTrack_FE_115	B6	2482,66825	2090,668	77080,51668	48750,03109
LITH0265	LithoTrack_FE_115	B6	2482,66825	2090,668	77080,51668	50833,36575
LITH0266	LithoTrack_FE_115	B6	2482,66825	2090,668	77080,51668	52916,70041
LITH0267	LithoTrack_FE_115	B6	2482,66825	2090,668	77080,51668	59166,7044
LITH0268	LithoTrack_FE_115	B6	2482,66825	2090,668	77080,51668	61250,03906
LITH0269	LithoTrack_FE_115	B6	2482,66825	2090,668	77080,51668	63333,37372
LITH0270	LithoTrack_FE_115	B6	2482,66825	2090,668	87127,45222	62988,98677
LITH0271	LithoTrack_FE_115	B6	2482,66825	2090,668	87127,45222	60905,6521
LITH0272	LithoTrack_FE_115	B6	2482,66825	2090,668	87127,45222	58822,31744
LITH0273	LithoTrack_FE_115	B6	2482,66825	2090,668	87127,45222	54166,70121
LITH0274	LithoTrack_FE_115	B6	2482,66825	2090,668	87127,45222	52083,36655
LITH0275	LithoTrack_FE_115	B6	2482,66825	2090,668	87127,45222	50000,03189
LITH0276	LithoTrack_FE_115	B6	2482,66825	2090,668	87127,45222	47916,69723
LITH0277	LithoTrack_FE_115	B6	2482,66825	2090,668	87127,45222	41666,69324
LITH0278	LithoTrack_FE_115	B6	2482,66825	2090,668	87127,45222	39583,35858
LITH0279	LithoTrack_FE_115	B6	2482,66825	2090,668	87127,45222	37500,02392
LITH0280	LithoTrack_FE_115	B6	2482,66825	2090,668	87127,45222	35416,68925
LITH0281	LithoTrack_FE_115	B6	2482,66825	2090,668	87127,45222	33333,35459
LITH0282	LithoTrack_FE_115	B6	2482,66825	2090,668	87127,45222	31250,01993
LITH0283	LithoTrack_FE_115	B6	2482,66825	2090,668	87127,45222	26250,01674
LITH0284	LithoTrack_FE_115	B6	2482,66825	2090,668	87127,45222	24166,68208
LITH0285	LithoTrack_FE_115	B6	2482,66825	2090,668	87127,45222	22083,34742
LITH0286	LithoTrack_FE_115	B6	2482,66825	2090,668	87127,45222	20000,01276
LITH0287	LithoTrack_FE_115	B6	2482,66825	2090,668	87127,45222	13750,00877
LITH0288	LithoTrack_FE_115	B6	2482,66825	2090,668	87127,45222	11666,67411
LITH0289	LithoTrack_FE_115	B6	2482,66825	2090,668	87127,45222	9583,339445
LITH0290	LithoTrack_FE_115	B7	2482,66825	3136,002	92204,93479	11458,34064
LITH0291	LithoTrack_FE_115	B7	2482,66825	3136,002	92204,93479	20208,34622
LITH0292	LithoTrack_FE_115	B7	2482,66825	3136,002	92204,93479	23333,34821
LITH0293	LithoTrack_FE_115	B7	2482,66825	3136,002	92204,93479	26458,35021
LITH0294	LithoTrack_FE_115	B7	2482,66825	3136,002	92204,93479	32708,35419
LITH0295	LithoTrack_FE_115	B7	2482,66825	3136,002	92204,93479	35625,02272
LITH0296	LithoTrack_FE_115	B7	2482,66825	3136,002	92204,93479	38541,69125
LITH0297	LithoTrack_FE_95	B7	2482,66825	3136,002	92204,93479	41458,35977
LITH0298	LithoTrack_FE_95	B7	2482,66825	3136,002	92204,93479	48125,03069
LITH0299	LithoTrack_FE_95	B7	2482,66825	3136,002	92204,93479	51458,36615
LITH0300	LithoTrack_FE_95	B7	2482,66825	3136,002	92204,93479	54375,03468
LITH0301	LithoTrack_FE_95	B7	2482,66825	3136,002	92204,93479	60625,03866
LITH0302	LithoTrack_FE_95	B7	2482,66825	3136,002	92204,93479	64375,04106
LITH0303	LithoTrack_FE_95	B7	2482,66825	3136,002	102251,8703	63125,04026
LITH0304	LithoTrack_FE_95	B7	2482,66825	3136,002	102251,8703	59375,03787
LITH0305	LithoTrack_FE_95	B7	2482,66825	3136,002	102251,8703	52708,36695
LITH0306	LithoTrack_FE_95	B7	2482,66825	3136,002	102251,8703	49583,36496
LITH0307	LithoTrack_FE_95	B7	2482,66825	3136,002	102251,8703	46458,36296
LITH0308	LithoTrack_FE_95	B7	2482,66825	3136,002	102251,8703	41250,02631
LITH0309	LithoTrack_FE_95	B7	2482,66825	3136,002	102251,8703	38333,35778
LITH0310	LithoTrack_FE_95	B7	2482,66825	3136,002	102251,8703	35416,68925
LITH0311	LithoTrack_FE_95	B7	2482,66825	3136,002	102251,8703	32500,02073
LITH0312	LithoTrack_FE_95	B7	2482,66825	2613,335	102251,8703	25000,01594
LITH0313	LithoTrack_FE_95	B7	2482,66825	2613,335	102251,8703	22500,01435
LITH0314	LithoTrack_FE_95	B7	2482,66825	2613,335	102251,8703	20000,01276
LITH0315	LithoTrack_FE_95	B7	2482,66825	2613,335	102251,8703	13541,6753
LITH0316	LithoTrack_FE_95	B7	2482,66825	2613,335	102251,8703	11041,67371
LITH0317	LithoTrack_FE_95	B7	2482,66825	2613,335	102251,8703	8541,672114
LITH0318	LithoTrack_FE_95	B8	2482,66825	4442,6695	107329,3529	11354,17391
LITH0319	LithoTrack_FE_95	B8	2482,66825	4442,6695	107329,3529	19687,51256
LITH0320	LithoTrack_FE_95	B8	2482,66825	4442,6695	107329,3529	24479,18228
LITH0321	LithoTrack_FE_95	B8	2482,66825	4442,6695	107329,3529	32187,52053
LITH0322	LithoTrack_FE_95	B8	2482,66825	3920,0025	107329,3529	35937,52292
LITH0323	LithoTrack_FE_95	B8	2482,66825	4442,6695	107329,3529	39687,52531
LITH0324	LithoTrack_FE_95	B8	2482,66825	4442,6695	107329,3529	47604,19703
LITH0325	LithoTrack_FE_95	B8	2482,66825	4442,6695	107329,3529	52395,86675
LITH0326	LithoTrack_FE_95	B8	2482,66825	4442,6695	107329,3529	60104,205
LITH0327	LithoTrack_FE_95	B8	2482,66825	4442,6695	107329,3529	64062,54086
LITH0328	LithoTrack_FE_95	B8	2482,66825	4442,6695	117376,2884	61562,53926
LITH0329	LithoTrack_FE_95	B8	2482,66825	4442,6695	117376,2884	53229,20061
LITH0330	LithoTrack_FE_95	B8	2482,66825	4442,6695	117376,2884	48437,53089
LITH0331	LithoTrack_FE_95	B8	2482,66825	4442,6695	117376,2884	40729,19264
LITH0332	LithoTrack_FE_95	B8	2482,66825	3920,0025	117376,2884	36979,19025
LITH0333	LithoTrack_FE_95	B8	2482,66825	3136,002	117376,2884	32291,68726
LITH0334	LithoTrack_FE_95	B8	2482,66825	3136,002	117376,2884	24791,68248
LITH0335	LithoTrack_FE_95	B8	2482,66825	3136,002	117376,2884	20625,01315
LITH0336	LithoTrack_FE_95	B8	2482,66825	3136,002	117376,2884	12291,67451
LITH0337	LithoTrack_FE_95	B8	2482,66825	3136,002	117376,2884	8541,672114
LITH0338	LithoTrack_FE_95	B9	2482,66825	4442,6695	122453,771	11354,17391
LITH0339	LithoTrack_FE_95	B9	2482,66825	4442,6695	122453,771	19687,51256
LITH0340	LithoTrack_FE_95	B9	2482,66825	4442,6695	122453,771	24479,18228
LITH0341	LithoTrack_FE_95	B9	2482,66825	3920,0025	122453,771	31979,18706
LITH0342	LithoTrack_FE_95	B9	2482,66825	3920,0025	122453,771	35520,85599
LITH0343	LithoTrack_FE_95	B9	2482,66825	3920,0025	122453,771	39062,52491
LITH0344	LithoTrack_FE_96	B9	2482,66825	3920,0025	122453,771	47395,86356
LITH0345	LithoTrack_FE_96	B9	2482,66825	3920,0025	122453,771	50937,53249
MET0101	DefMet_BE_33	A16	2482,66825	3658,669	228324,6978	128541,7486
MET0102	DefMet_BE_33	A16	2482,66825	3658,669	228324,6978	131875,0841
MET0103	DefMet_BE_42	A16	2482,66825	3658,669	238371,6333	132708,418
MET0104	DefMet_FE_10	A16	2482,66825	3658,669	238371,6333	129375,0825
MET0105	DefMet_FE_10	A16	2482,66825	3136,002	238371,6333	122500,0781
MET0106	DefMet_FE_10	A16	2482,66825	3136,002	238371,6333	119583,4096
MET0107	DefMet_FE_106	A16	2482,66825	3136,002	238371,6333	116666,7411
MET0108	DefMet_FE_118	A16	2482,66825	3136,002	238371,6333	110000,0702
MET0109	DefMet_FE_118	A16	2482,66825	3136,002	238371,6333	107083,4016
MET0110	DefMet_FE_34	A16	2482,66825	3136,002	238371,6333	104166,7331
MET0111	DefMet_FE_34	A16	2482,66825	3136,002	238371,6333	101250,0646
MET0112	DefMet_FE_43	A16	2482,66825	2613,335	238371,6333	94791,72712
MET0113	DefMet_FE_43	A16	2482,66825	2613,335	238371,6333	92291,72553
MET0114	DefMet_FE_43	A16	2482,66825	2613,335	238371,6333	89791,72393
MET0115	DefMet_FE_43	A16	2482,66825	2613,335	238371,6333	87291,72234
MET0116	DefMet_FE_43	A16	2482,66825	2613,335	238371,6333	82291,71915
MET0117	DefMet_FE_43	A16	2482,66825	2613,335	238371,6333	79791,71755
PLAN0101	Planar_FE_76	B9	2482,66825	3136,002	122453,771	54166,70121
PLAN0102	Planar_FE_76	B9	2482,66825	3136,002	122453,771	59583,37133
PLAN0103	Planar_FE_76	B9	2482,66825	2613,335	122453,771	62291,70639
PLAN0104	Planar_FE_77	B9	2482,66825	2613,335	122453,771	64791,70799
PLAN0105	Planar_FE_77	B9	2482,66825	3920,0025	132500,7065	61354,2058
PLAN0106	Planar_FE_78	B9	2482,66825	3920,0025	132500,7065	52395,86675
PLAN0107	Planar_FE_78	B9	2482,66825	3920,0025	132500,7065	48229,19743
PLAN0108	Planar_FE_79	B9	2482,66825	3920,0025	132500,7065	39895,85878
PLAN0109	Planar_FE_79	B9	2482,66825	3920,0025	132500,7065	35729,18945
PLAN0110	Planar_FE_79	B9	2482,66825	3920,0025	132500,7065	31562,52013
PLAN0111	Planar_FE_79	B9	2482,66825	3920,0025	132500,7065	22395,84762
PLAN0112	Planar_FE_79	B9	2482,66825	3920,0025	132500,7065	10937,50698
PLAN0113	Planar_FE_80	B10	2482,66825	5749,337	137578,1891	10833,34024
PLAN0114	Planar_FE_80	B10	2482,66825	5749,337	137578,1891	20208,34622
PLAN0115	Planar_BE_75	B10	2482,66825	4704,003	137578,1891	24791,68248
PLAN0116	Planar_BE_75	B10	2482,66825	5226,67	137578,1891	32500,02073
PLAN0117	Planar_BE_75	B10	2482,66825	5226,67	137578,1891	37083,35698
PLAN0118	Planar_BE_75	B10	2482,66825	4704,003	137578,1891	41458,35977
PLAN0119	Planar_BE_75	B10	2482,66825	5226,67	137578,1891	47916,69723
PLAN0120	Planar_BE_75	B10	2482,66825	4704,003	137578,1891	52291,70002
PLAN0121	Planar_BE_75	B10	2482,66825	5749,337	137578,1891	61666,70599
PLAN0122	Planar_BE_75	B10	2482,66825	5749,337	147625,1246	62083,37293
PLAN0123	Planar_BE_75	B10	2482,66825	4704,003	147625,1246	53125,03388
PLAN0124	Planar_BE_75	B10	2482,66825	4704,003	147625,1246	48958,36456
PLAN0125	Planar_BE_75	B10	2482,66825	5226,67	147625,1246	40416,69244
PLAN0126	Planar_BE_75	B10	2482,66825	4181,336	147625,1246	36250,02312
PLAN0127	Planar_BE_75	B10	2482,66825	5226,67	147625,1246	32083,35379
PLAN0128	Planar_BE_75	B10	2482,66825	5226,67	147625,1246	25000,01594
PLAN0129	Planar_BE_75	B10	2482,66825	5226,67	147625,1246	20416,67969
PLAN0130	Planar_BE_75	B10	2482,66825	4704,003	147625,1246	12708,34144
PLAN0131	Planar_BE_75	B10	2482,66825	4181,336	147625,1246	8750,00558
PLAN0132	Planar_BE_75	B11	2482,66825	3136,002	152702,6073	8750,00558
PLAN0133	Planar_BE_75	B11	2482,66825	3136,002	152702,6073	11666,67411
STOCKER_A1	STOCKER	A1	2500	2500	1433,070866	76085,2466
STOCKER_A10	STOCKER	A10	2500	2500	137552,7559	76085,2466
STOCKER_A11	STOCKER	A11	2500	2500	152677,1654	76085,2466
STOCKER_A12	STOCKER	A12	2500	2500	167801,5748	76085,2466
STOCKER_A13	STOCKER	A13	2500	2500	182925,9842	76085,2466
STOCKER_A14	STOCKER	A14	2500	2500	198050,3937	76085,2466
STOCKER_A15	STOCKER	A15	2500	2500	213174,8031	76085,2466
STOCKER_A16	STOCKER	A16	2500	2500	228299,2126	76085,2466
STOCKER_A17	STOCKER	A17	2500	2500	243423,6221	76085,2466
STOCKER_A18	STOCKER	A18	2500	2500	258548,0315	76085,2466
STOCKER_A19	STOCKER	A19	2500	2500	273672,4409	76085,2466
STOCKER_A2	STOCKER	A2	2500	2500	16557,48032	76085,2466
STOCKER_A20	STOCKER	A20	2500	2500	288796,8504	76085,2466
STOCKER_A3	STOCKER	A3	2500	2500	31681,88976	76085,2466
STOCKER_A4	STOCKER	A4	2500	2500	46806,29921	76085,2466
STOCKER_A5	STOCKER	A5	2500	2500	61930,70867	76085,2466
STOCKER_A6	STOCKER	A6	2500	2500	77055,11811	76085,2466
STOCKER_A7	STOCKER	A7	2500	2500	92179,52756	76085,2466
STOCKER_A8	STOCKER	A8	2500	2500	107303,937	76085,2466
STOCKER_A9	STOCKER	A9	2500	2500	122428,3465	76085,2466
STOCKER_B1	STOCKER	B1	2500	2500	11530,70866	65581,42007
STOCKER_B10	STOCKER	B10	2500	2500	147650,3937	65581,42007
STOCKER_B11	STOCKER	B11	2500	2500	162774,8031	65581,42007
STOCKER_B12	STOCKER	B12	2500	2500	177899,2126	65581,42007
STOCKER_B13	STOCKER	B13	2500	2500	193023,6221	65581,42007
STOCKER_B14	STOCKER	B14	2500	2500	208148,0315	65581,42007
STOCKER_B15	STOCKER	B15	2500	2500	223272,4409	65581,42007
STOCKER_B16	STOCKER	B16	2500	2500	238396,8504	65581,42007
STOCKER_B17	STOCKER	B17	2500	2500	253521,2598	65581,42007
STOCKER_B18	STOCKER	B18	2500	2500	268645,6693	65581,42007
STOCKER_B19	STOCKER	B19	2500	2500	283770,0788	65581,42007
STOCKER_B2	STOCKER	B2	2500	2500	26655,11811	65581,42007
STOCKER_B20	STOCKER	B20	2500	2500	298894,4882	65581,42007
STOCKER_B3	STOCKER	B3	2500	2500	41779,52756	65581,42007
STOCKER_B4	STOCKER	B4	2500	2500	56903,93701	65581,42007
STOCKER_B5	STOCKER	B5	2500	2500	72028,34646	65581,42007
STOCKER_B6	STOCKER	B6	2500	2500	87152,7559	65581,42007
STOCKER_B7	STOCKER	B7	2500	2500	102277,1654	65581,42007
STOCKER_B8	STOCKER	B8	2500	2500	117401,5748	65581,42007
STOCKER_B9	STOCKER	B9	2500	2500	132525,9842	65581,42007
TF0101	TF_BE_2	B11	2482,66825	3136,002	152702,6073	19166,67889
TF0102	TF_BE_2	B11	2482,66825	3136,002	152702,6073	22083,34742
TF0103	TF_BE_2	B11	2482,66825	3136,002	152702,6073	25000,01594
TF0104	TF_BE_2	B11	2482,66825	3136,002	152702,6073	32708,35419
TF0105	TF_BE_23	B11	2482,66825	3136,002	152702,6073	36458,35658
TF0106	TF_BE_23	B11	2482,66825	3136,002	152702,6073	40208,35898
TF0107	TF_BE_23	B11	2482,66825	3136,002	152702,6073	47083,36336
TF0108	TF_BE_23	B11	2482,66825	3136,002	152702,6073	50000,03189
TF0109	TF_BE_23	B11	2482,66825	3136,002	152702,6073	52916,70041
TF0110	TF_BE_23	B11	2482,66825	3136,002	152702,6073	59583,37133
TF0111	TF_BE_23	B11	2482,66825	5226,67	152702,6073	63333,37372
TF0112	TF_BE_23	B11	2482,66825	4704,003	162749,5428	62744,51331
TF0113	TF_BE_23	B11	2482,66825	4181,336	162749,5428	59583,37133
TF0114	TF_BE_23	B11	2482,66825	5226,67	162749,5428	52916,70041
TF0115	TF_BE_23	B11	2482,66825	5226,67	162749,5428	48333,36416
TF0116	TF_BE_23	B11	2482,66825	5226,67	162749,5428	40416,69244
TF0117	TF_BE_23	B11	2482,66825	4704,003	162749,5428	36041,68965
TF0118	TF_BE_23	B11	2482,66825	4704,003	162749,5428	31875,02033
TF0119	TF_BE_23	B11	2482,66825	5749,337	162749,5428	22708,34782
TF0120	TF_BE_23	B11	2482,66825	5749,337	162749,5428	10833,34024
TF0121	TF_BE_23	B12	2482,66825	3920,0025	167827,0253	11145,84044
TF0122	TF_BE_24	B12	2482,66825	3136,002	167827,0253	19166,67889
TF0123	TF_BE_24	B12	2482,66825	3136,002	167827,0253	22083,34742
TF0124	TF_BE_24	B12	2482,66825	3136,002	167827,0253	25000,01594
TF0125	TF_BE_24	B12	2482,66825	3136,002	167827,0253	31666,68686
TF0126	TF_BE_26	B12	2482,66825	3658,669	167827,0253	34791,68886
TF0127	TF_BE_26	B12	2482,66825	3658,669	167827,0253	39166,69165
TF0128	TF_BE_26	B12	2482,66825	3658,669	167827,0253	47291,69683
TF0129	TF_BE_26	B12	2482,66825	3658,669	167827,0253	50625,03229
TF0130	TF_BE_26	B12	2482,66825	3658,669	167827,0253	53958,36775
TF0131	TF_BE_26	B12	2482,66825	3658,669	167827,0253	59791,7048
TF0132	TF_BE_26	B12	2482,66825	3658,669	167827,0253	63125,04026
TF0133	TF_BE_26	B12	2482,66825	3658,669	177873,9608	63161,18025
TF0134	TF_BE_26	B12	2482,66825	3658,669	177873,9608	59827,84479
TF0135	TF_BE_26	B12	2482,66825	3658,669	177873,9608	53541,70081
TF0136	TF_BE_26	B12	2482,66825	3658,669	177873,9608	50208,36535
TF0137	TF_BE_26	B12	2482,66825	3658,669	177873,9608	46875,02989
TF0138	TF_BE_26	B12	2482,66825	3136,002	177873,9608	41250,02631
TF0139	TF_BE_26	B12	2482,66825	3136,002	177873,9608	38333,35778
TF0140	TF_BE_26	B12	2482,66825	3136,002	177873,9608	35416,68925
TF0141	TF_BE_40	B12	2482,66825	3136,002	177873,9608	32500,02073
TF0142	TF_BE_40	B12	2482,66825	3136,002	177873,9608	25833,34981
TF0143	TF_BE_40	B12	2482,66825	3136,002	177873,9608	22916,68128
TF0144	TF_BE_40	B12	2482,66825	3136,002	177873,9608	20000,01276
TF0145	TF_BE_40	B12	2482,66825	3658,669	177873,9608	12083,34104
TF0146	TF_BE_40	B12	2482,66825	3658,669	177873,9608	8750,00558
TF0147	TF_BE_40	B13	2482,66825	3920,0025	182951,4435	11145,84044
TF0148	TF_BE_40	B13	2482,66825	3136,002	182951,4435	20208,34622
TF0149	TF_BE_40	B13	2482,66825	3136,002	182951,4435	24375,01555
TF0150	TF_BE_40	B13	2482,66825	3658,669	182951,4435	31875,02033
TF0151	TF_BE_40	B13	2482,66825	3658,669	182951,4435	35208,35579
TF0152	TF_BE_40	B13	2482,66825	3658,669	182951,4435	38541,69125
TF0153	TF_BE_40	B13	2482,66825	3136,002	182951,4435	41666,69324
TF0154	TF_BE_40	B13	2482,66825	3658,669	182951,4435	47291,69683
TF0155	TF_BE_40	B13	2482,66825	3658,669	182951,4435	50625,03229
TF0156	TF_BE_40	B13	2482,66825	3658,669	182951,4435	53958,36775
TF0157	TF_BE_40	B13	2482,66825	3658,669	182951,4435	59791,7048
TF0158	TF_BE_40	B13	2482,66825	3658,669	182951,4435	63125,04026
TF0159	TF_BE_40	B13	2482,66825	3658,669	192998,379	63161,18025
TF0160	TF_BE_40	B13	2482,66825	3658,669	192998,379	59375,03787
TF0161	TF_BE_40	B13	2482,66825	3658,669	192998,379	53541,70081
TF0162	TF_FE_103	B13	2482,66825	3658,669	192998,379	50208,36535
TF0163	TF_FE_103	B13	2482,66825	3658,669	192998,379	46875,02989
TF0164	TF_FE_103	B13	2482,66825	3136,002	192998,379	41250,02631
TF0165	TF_FE_103	B13	2482,66825	3136,002	192998,379	38333,35778
TF0166	TF_FE_103	B13	2482,66825	3136,002	192998,379	35416,68925
TF0167	TF_FE_103	B13	2482,66825	3136,002	192998,379	32500,02073
TF0168	TF_FE_103	B13	2482,66825	3136,002	192998,379	25833,34981
TF0169	TF_FE_103	B13	2482,66825	3136,002	192998,379	22916,68128
TF0170	TF_FE_104	B13	2482,66825	3136,002	192998,379	20000,01276
TF0171	TF_FE_104	B13	2482,66825	3136,002	192998,379	13333,34184
TF0172	TF_FE_104	B13	2482,66825	2613,335	192998,379	10625,00678
TF0173	TF_FE_104	B13	2482,66825	2613,335	192998,379	8125,005182
TF0174	TF_FE_104	B14	2482,66825	3920,0025	198075,8616	11145,84044
TF0175	TF_FE_104	B14	2482,66825	3920,0025	198075,8616	21562,51375
TF0176	TF_FE_113	B14	2482,66825	3658,669	198075,8616	35000,02232
TF0177	TF_FE_113	B14	2482,66825	3920,0025	198075,8616	40937,52611
TF0178	TF_FE_113	B14	2482,66825	3658,669	198075,8616	47291,69683
TF0179	TF_FE_113	B14	2482,66825	3658,669	198075,8616	51041,69922
TF0180	TF_FE_131	B14	2482,66825	3658,669	198075,8616	59791,7048
TF0181	TF_FE_131	B14	2482,66825	3658,669	198075,8616	64375,04106
TF0182	TF_FE_131	B14	2482,66825	3658,669	208122,7971	63161,18025
TF0183	TF_FE_131	B14	2482,66825	3658,669	208122,7971	59791,7048
TF0184	TF_FE_131	B14	2482,66825	3658,669	208122,7971	53541,70081
TF0185	TF_FE_131	B14	2482,66825	3658,669	208122,7971	50208,36535
TF0186	TF_FE_131	B14	2482,66825	3658,669	208122,7971	46875,02989
TF0187	TF_FE_3	B14	2482,66825	3658,669	208122,7971	41041,69284
TF0188	TF_FE_3	B14	2482,66825	3658,669	208122,7971	37708,35738
TF0189	TF_FE_3	B14	2482,66825	3658,669	208122,7971	34375,02192
TF0190	TF_FE_3	B14	2482,66825	3658,669	208122,7971	25625,01634
TF0191	TF_FE_5	B14	2482,66825	3658,669	208122,7971	21041,68009
TF0192	TF_FE_5	B14	2482,66825	3658,669	208122,7971	13125,00837
TF0193	TF_FE_5	B14	2482,66825	3658,669	208122,7971	9375,005979
TF0194	TF_Met_FE_45	B15	2482,66825	3920,0025	213200,2796	11145,84044
TF0195	TF_Met_FE_45	B15	2482,66825	3920,0025	213200,2796	19479,17909
TF0196	TF_Met_FE_61	B15	2482,66825	3920,0025	213200,2796	23020,84801
TF0197	TF_Met_FE_61	B15	2482,66825	3136,002	213200,2796	26250,01674
TF0198	TF_Met_FE_61	B15	2482,66825	3658,669	213200,2796	31875,02033